emoji,r,g,b
🥇,169,171,114
🥈,134,178,200
🥉,142,144,125
🏧,31,176,239
🇦🇫,54,54,54
🇦🇱,52,52,52
🇩🇿,55,55,55
🇦🇸,59,59,59
🇦🇩,53,53,53
🇦🇴,57,57,57
🇦🇮,52,52,52
🇦🇶,57,57,57
🇦🇬,54,54,54
♒,160,127,206
🇦🇷,55,55,55
♈,160,127,206
🇦🇲,54,54,54
🇦🇼,56,56,56
🇦🇨,59,59,59
🇦🇺,56,56,56
🇦🇹,51,51,51
🇦🇿,52,52,52
🇧🇸,61,61,61
🇧🇭,59,59,59
🇧🇩,56,56,56
🇧🇧,57,57,57
🇧🇾,57,57,57
🇧🇪,57,57,57
🇧🇿,55,55,55
🇧🇯,52,52,52
🇧🇲,56,56,56
🇧🇹,55,55,55
🇧🇴,59,59,59
🇧🇦,54,54,54
🇧🇼,58,58,58
🇧🇻,58,58,58
🇧🇷,57,57,57
🇮🇴,59,59,59
🇻🇬,57,57,57
🇧🇳,60,60,60
🇧🇬,56,56,56
🇧🇫,57,57,57
🇧🇮,56,56,56
🇰🇭,61,61,61
🇨🇲,60,60,60
🇨🇦,59,59,59
🇮🇨,62,62,62
♋,170,140,211
🇨🇻,63,63,63
♑,164,132,208
🇧🇶,59,59,59
🇰🇾,60,60,60
🇨🇫,63,63,63
🇪🇦,54,54,54
🇹🇩,54,54,54
🇨🇱,62,62,62
🇨🇳,65,65,65
🇨🇽,66,66,66
🎄,116,150,56
🇨🇵,62,62,62
🇨🇨,68,68,68
🇨🇴,65,65,65
🇰🇲,58,58,58
🇨🇬,61,61,61
🇨🇩,61,61,61
🇨🇰,64,64,64
🇨🇷,62,62,62
🇭🇷,59,59,59
🇨🇺,64,64,64
🇨🇼,63,63,63
🇨🇾,64,64,64
🇨🇿,61,61,61
🇨🇮,62,62,62
🇩🇬,56,56,56
🇩🇯,51,51,51
🇩🇲,56,56,56
🇩🇴,59,59,59
🇪🇨,62,62,62
🇪🇬,56,56,56
🇸🇻,63,63,63
🏴󠁧󠁢󠁥󠁮󠁧󠁿,62,62,62
🇬🇶,59,59,59
🇪🇷,57,57,57
🇪🇪,56,56,56
🇸🇿,61,61,61
🇪🇹,55,55,55
🇪🇺,59,59,59
🇫🇰,60,60,60
🇫🇴,61,61,61
🇫🇯,51,51,51
🇫🇮,56,56,56
🇫🇷,58,58,58
🇬🇫,57,57,57
🇵🇫,58,58,58
🇹🇫,55,55,55
🇬🇦,54,54,54
🇬🇲,56,56,56
♊,163,131,208
🇬🇪,56,56,56
🇩🇪,56,56,56
🇬🇭,58,58,58
🇬🇮,55,55,55
🇬🇷,57,57,57
🇬🇱,56,56,56
🇬🇩,56,56,56
🇬🇵,56,56,56
🇬🇺,59,59,59
🇬🇹,55,55,55
🇬🇬,56,56,56
🇬🇳,60,60,60
🇬🇼,58,58,58
🇬🇾,57,57,57
🇭🇹,57,57,57
🇭🇲,58,58,58
🇭🇳,62,62,62
🇭🇰,61,61,61
🇭🇺,61,61,61
🇮🇸,62,62,62
🇮🇳,60,60,60
🇮🇩,55,55,55
🇮🇷,57,57,57
🇮🇶,59,59,59
🇮🇪,55,55,55
🇮🇲,55,55,55
🇮🇱,54,54,54
🇮🇹,53,53,53
🇯🇲,52,52,52
🇯🇵,51,51,51
🏯,214,116,127
🎎,159,144,150
🏣,185,162,169
🇯🇪,51,51,51
🇯🇴,56,56,56
🇰🇿,57,57,57
🇰🇪,59,59,59
🇰🇮,58,58,58
🇽🇰,63,63,63
🇰🇼,60,60,60
🇰🇬,58,58,58
🇱🇦,52,52,52
🇱🇻,57,57,57
🇱🇧,56,56,56
♌,164,132,208
🇱🇸,62,62,62
🇱🇷,57,57,57
♎,162,129,207
🇱🇾,57,57,57
🇱🇮,54,54,54
🇱🇹,53,53,53
🇱🇺,59,59,59
🇲🇴,59,59,59
🇲🇬,56,56,56
🇲🇼,57,57,57
🇲🇾,57,57,57
🇲🇻,57,57,57
🇲🇱,56,56,56
🇲🇹,55,55,55
🇲🇭,58,58,58
🇲🇶,59,59,59
🇲🇷,57,57,57
🇲🇺,58,58,58
🇾🇹,55,55,55
🇲🇽,59,59,59
🇫🇲,57,57,57
🇲🇩,56,56,56
🇲🇨,60,60,60
🇲🇳,59,59,59
🇲🇪,56,56,56
🇲🇸,60,60,60
🇲🇦,54,54,54
🇲🇿,55,55,55
🤶,224,195,145
🤶🏿,160,142,144
🤶🏻,224,201,195
🤶🏾,185,159,159
🤶🏼,218,192,186
🤶🏽,203,174,168
🇲🇲,56,56,56
🇳🇦,57,57,57
🇳🇷,60,60,60
🇳🇵,60,60,60
🇳🇱,60,60,60
🇳🇨,65,65,65
🇳🇿,59,59,59
🇳🇮,60,60,60
🇳🇪,60,60,60
🇳🇬,60,60,60
🇳🇺,62,62,62
🇳🇫,61,61,61
🇰🇵,59,59,59
🇲🇰,58,58,58
🇲🇵,56,56,56
🇳🇴,62,62,62
👌,252,201,76
👌🏿,101,73,74
👌🏻,254,217,197
👌🏾,158,115,111
👌🏼,238,195,176
👌🏽,201,150,134
🇴🇲,59,59,59
⛎,162,129,207
🇵🇰,59,59,59
🇵🇼,59,59,59
🇵🇸,62,62,62
🇵🇦,54,54,54
🇵🇬,56,56,56
🇵🇾,58,58,58
🇵🇪,57,57,57
🇵🇭,59,59,59
♓,161,128,207
🇵🇳,60,60,60
🇵🇱,56,56,56
🇵🇹,55,55,55
🇵🇷,58,58,58
🇶🇦,57,57,57
🇷🇴,60,60,60
🇷🇺,60,60,60
🇷🇼,59,59,59
🇷🇪,57,57,57
♐,158,125,206
🇼🇸,63,63,63
🇸🇲,60,60,60
🎅,231,179,145
🎅🏿,189,145,146
🎅🏻,231,183,178
🎅🏾,205,156,155
🎅🏼,227,178,172
🎅🏽,217,166,161
🇸🇦,59,59,59
♏,165,134,209
🏴󠁧󠁢󠁳󠁣󠁴󠁿,62,62,62
🇸🇳,65,65,65
🇷🇸,62,62,62
🇸🇨,68,68,68
🇸🇱,62,62,62
🇸🇬,61,61,61
🇸🇽,66,66,66
🇸🇰,64,64,64
🇸🇮,62,62,62
🇸🇧,61,61,61
🇸🇴,65,65,65
🇿🇦,52,52,52
🇬🇸,61,61,61
🇰🇷,59,59,59
🇸🇸,68,68,68
🇪🇸,62,62,62
🇱🇰,58,58,58
🇧🇱,56,56,56
🇸🇭,64,64,64
🇰🇳,62,62,62
🇱🇨,62,62,62
🇲🇫,57,57,57
🇵🇲,56,56,56
🇻🇨,63,63,63
🗽,87,185,160
🇸🇩,61,61,61
🇸🇷,62,62,62
🇸🇯,58,58,58
🇸🇪,62,62,62
🇨🇭,64,64,64
🇸🇾,64,64,64
🇸🇹,61,61,61
🦖,30,206,122
🇹🇼,58,58,58
🇹🇯,47,47,47
🇹🇿,53,53,53
♉,161,128,207
🇹🇭,57,57,57
🇹🇱,53,53,53
🇹🇬,55,55,55
🇹🇰,57,57,57
🗼,251,151,106
🇹🇴,59,59,59
🇹🇹,52,52,52
🇹🇦,51,51,51
🇹🇳,59,59,59
🇹🇷,56,56,56
🇹🇲,55,55,55
🇹🇨,61,61,61
🇹🇻,56,56,56
🇺🇲,58,58,58
🇻🇮,57,57,57
🇺🇬,59,59,59
🇺🇦,56,56,56
🇦🇪,54,54,54
🇬🇧,56,56,56
🇺🇳,62,62,62
🇺🇸,64,64,64
🇺🇾,60,60,60
🇺🇿,58,58,58
🇻🇺,60,60,60
🇻🇦,55,55,55
🇻🇪,58,58,58
🇻🇳,61,61,61
♍,169,139,211
🏴󠁧󠁢󠁷󠁬󠁳󠁿,62,62,62
🇼🇫,59,59,59
🇪🇭,59,59,59
🇾🇪,57,57,57
💤,109,201,247
🇿🇲,55,55,55
🇿🇼,58,58,58
🧮,204,159,131
🪗,240,109,154
🩹,38,189,245
🎟️,240,57,66
🎟,240,57,66
🚡,154,180,145
✈️,142,180,214
✈,142,180,214
🛬,129,156,179
🛫,130,155,177
⚗️,133,201,201
⚗,133,201,201
👽,128,172,78
👾,116,107,157
🚑,204,142,165
🏈,145,118,106
🏺,175,118,71
🫀,203,73,166
⚓,47,182,240
😠,236,177,86
👿,153,98,180
😧,238,171,94
🐜,123,112,159
📶,84,195,242
😰,175,160,164
🚛,153,189,185
🧑‍🎨,211,173,130
🧑🏿‍🎨,166,136,129
🧑🏻‍🎨,208,175,163
🧑🏾‍🎨,183,148,140
🧑🏼‍🎨,207,172,159
🧑🏽‍🎨,195,157,146
🎨,234,179,177
😲,241,178,94
🧑‍🚀,192,182,162
🧑🏿‍🚀,165,159,162
🧑🏻‍🚀,191,184,183
🧑🏾‍🚀,175,167,168
🧑🏼‍🚀,189,180,179
🧑🏽‍🚀,182,173,172
🛺,111,151,115
🚗,166,102,118
🥑,133,187,72
🪓,200,101,94
👶,245,191,73
👼,232,199,107
👼🏿,111,99,103
👼🏻,221,202,192
👼🏾,155,131,131
👼🏼,220,196,184
👼🏽,188,156,148
🍼,247,218,198
🐤,250,204,73
👶🏿,95,67,69
👶🏻,232,196,180
👶🏾,149,107,104
👶🏼,231,189,169
👶🏽,190,139,125
👇,252,199,70
👇🏿,95,66,68
👇🏻,254,215,195
👇🏾,154,110,105
👇🏼,237,193,173
👇🏽,199,146,129
👈,252,199,70
👈🏿,96,66,68
👈🏻,254,216,196
👈🏾,155,110,106
👈🏼,237,193,173
👈🏽,200,147,130
👉,252,199,70
👉🏿,96,66,68
👉🏻,254,216,196
👉🏾,155,110,106
👉🏼,237,193,173
👉🏽,200,147,130
👆,252,199,70
👆🏿,96,66,68
👆🏻,254,215,195
👆🏾,155,110,106
👆🏼,237,193,173
👆🏽,200,147,130
🎒,245,70,60
🥓,224,103,121
🦡,124,124,124
🏸,143,187,218
🥯,234,184,136
🛄,80,193,242
🥖,246,192,132
⚖️,235,210,149
⚖,235,210,149
🦲,254,202,69
🩰,234,94,180
🎈,235,73,84
🗳️,139,140,139
🗳,139,140,139
🍌,252,224,119
🪕,178,156,157
🏦,164,162,165
📊,147,182,202
💈,172,169,185
⚾,226,215,215
🧺,230,163,93
🏀,219,98,44
🦇,161,113,95
🛁,171,189,204
🔋,149,208,86
🏖️,225,161,118
🏖,225,161,118
😁,242,181,100
🫘,169,101,90
🐻,172,116,90
💓,249,72,115
🦫,149,102,97
🛏️,103,94,169
🛏,103,94,169
🍺,222,213,164
🪲,56,192,122
🔔,249,196,71
🫑,54,148,71
🔕,249,166,71
🛎️,222,156,65
🛎,222,156,65
🍱,123,109,108
🧃,187,198,72
🚲,198,153,157
👙,216,56,115
🧢,123,151,241
☣️,206,146,47
☣,206,146,47
🐦,209,47,89
🎂,230,186,126
🦬,149,103,82
🫦,239,82,123
🐦‍⬛,117,97,159
🐈‍⬛,114,103,154
🏴,62,62,62
🖤,53,53,53
✒️,166,154,160
✒,166,154,160
🌼,206,211,169
🐡,242,178,131
📘,24,163,226
💙,23,118,194
🫐,138,103,181
🐗,132,89,75
💣,113,76,110
🦴,226,226,226
📚,117,155,120
🪃,217,124,81
🍾,156,178,94
💐,175,158,114
🥣,45,170,218
🎳,185,175,192
🥊,229,79,81
👦,242,181,62
👦🏿,68,50,51
👦🏻,170,145,134
👦🏾,119,87,88
👦🏼,237,206,174
👦🏽,159,115,105
🧠,254,105,194
🍞,242,188,123
🤱,190,174,99
🤱🏿,74,88,94
🤱🏻,139,149,147
🤱🏾,107,112,118
🤱🏼,186,191,175
🤱🏽,134,130,129
🧱,241,138,93
🌉,124,84,138
💼,134,87,67
🩲,24,189,242
🥦,20,151,112
💔,249,66,110
🧹,209,145,86
🤎,118,77,60
🧋,219,181,144
🫧,211,189,236
🪣,38,144,202
🐛,31,204,121
🏗️,240,156,95
🏗,240,156,95
🚅,145,176,200
🎯,212,143,154
🌯,213,184,142
🚌,150,181,165
🚏,117,174,219
👤,83,58,100
👥,85,60,101
🧈,245,224,141
🦋,157,86,85
🌵,136,207,62
📅,169,197,224
🤙,249,193,64
🤙🏿,91,62,64
🤙🏻,253,213,192
🤙🏾,151,107,102
🤙🏼,235,190,170
🤙🏽,197,143,126
🐪,239,176,108
📷,148,142,169
📸,154,144,157
🏕️,178,172,87
🏕,178,172,87
🕯️,254,214,146
🕯,254,214,146
🍬,249,117,71
🥫,231,152,149
🛶,108,145,149
🗃️,150,124,111
🗃,150,124,111
📇,179,182,210
🗂️,243,202,70
🗂,243,202,70
🎠,227,161,101
🎏,163,148,150
🪚,175,156,161
🥕,194,155,75
🏰,185,143,162
🐈,238,178,113
🐱,248,164,65
😹,224,155,90
😼,246,168,61
⛓️,179,179,179
⛓,179,179,179
🪑,164,115,99
📉,221,196,217
📈,203,206,230
💹,34,214,125
☑️,135,112,205
☑,135,112,205
🧀,252,205,69
🏁,121,121,121
🍒,223,119,73
🌸,255,129,205
♟️,114,106,158
♟,114,106,158
🌰,155,108,75
🐔,243,208,202
🧒,242,179,59
🧒🏿,61,44,45
🧒🏻,155,133,123
🧒🏾,111,81,83
🧒🏼,239,210,175
🧒🏽,152,109,100
🚸,209,148,48
🐿️,221,166,115
🐿,221,166,115
🍫,178,86,100
🥢,188,77,119
⛪,181,155,122
🚬,208,191,162
🎦,76,192,242
🎪,204,128,153
🏙️,96,177,231
🏙,96,177,231
🌆,127,104,151
🗜️,116,97,132
🗜,116,97,132
🎬,117,94,153
👏,244,188,63
👏🏿,92,66,71
👏🏻,246,210,192
👏🏾,150,111,109
👏🏼,230,189,172
👏🏽,194,145,131
🏛️,142,142,142
🏛,142,142,142
🍻,224,216,171
🥂,199,218,220
📋,223,198,179
📕,195,33,87
📪,104,129,229
📫,105,130,230
🌂,150,114,190
☁️,234,229,239
☁,234,229,239
🌩️,58,85,173
🌩,58,85,173
⛈️,67,94,191
⛈,67,94,191
🌧️,213,212,241
🌧,213,212,241
🌨️,215,223,239
🌨,215,223,239
🤡,228,178,200
♣️,110,101,155
♣,110,101,155
👝,249,173,168
🧥,246,207,153
🪳,155,119,104
🍸,187,222,178
🥥,159,139,132
⚰️,145,97,77
⚰,145,97,77
🪙,240,184,68
🥶,127,168,240
💥,249,103,78
☄️,224,171,170
☄,224,171,170
🧭,237,212,161
💽,171,139,100
🖱️,204,196,213
🖱,204,196,213
🎊,191,148,124
😖,229,161,56
😕,244,185,91
🚧,179,145,103
👷,252,190,84
👷🏿,214,160,84
👷🏻,249,192,112
👷🏾,228,169,93
👷🏼,248,190,109
👷🏽,238,177,98
🎛️,161,185,199
🎛,161,185,199
🏪,192,161,176
🧑‍🍳,240,209,175
🧑🏿‍🍳,198,174,174
🧑🏻‍🍳,237,210,205
🧑🏾‍🍳,213,185,184
🧑🏼‍🍳,236,208,202
🧑🏽‍🍳,225,194,190
🍚,234,149,156
🍪,223,161,97
🍳,122,113,149
©️,146,124,210
©,146,124,210
🪸,224,142,106
🛋️,112,133,198
🛋,112,133,198
💑,246,118,105
💑🏿,154,48,101
💑🏻,215,105,150
👨‍❤️‍👨,245,117,107
👨‍❤‍👨,245,117,107
👨🏿‍❤️‍👨🏿,156,48,103
👨🏿‍❤‍👨🏿,156,48,103
👨🏿‍❤️‍👨🏻,186,77,127
👨🏿‍❤‍👨🏻,186,77,127
👨🏿‍❤️‍👨🏾,170,59,112
👨🏿‍❤‍👨🏾,170,59,112
👨🏿‍❤️‍👨🏼,198,87,133
👨🏿‍❤‍👨🏼,198,87,133
👨🏿‍❤️‍👨🏽,181,66,117
👨🏿‍❤‍👨🏽,181,66,117
👨🏻‍❤️‍👨🏻,217,105,152
👨🏻‍❤‍👨🏻,217,105,152
👨🏻‍❤️‍👨🏿,186,77,127
👨🏻‍❤‍👨🏿,186,77,127
👨🏻‍❤️‍👨🏾,200,87,137
👨🏻‍❤‍👨🏾,200,87,137
👨🏻‍❤️‍👨🏼,229,115,158
👨🏻‍❤‍👨🏼,229,115,158
👨🏻‍❤️‍👨🏽,211,95,142
👨🏻‍❤‍👨🏽,211,95,142
👨🏾‍❤️‍👨🏾,184,69,122
👨🏾‍❤‍👨🏾,184,69,122
👨🏾‍❤️‍👨🏿,170,59,112
👨🏾‍❤‍👨🏿,170,59,112
👨🏾‍❤️‍👨🏻,200,87,137
👨🏾‍❤‍👨🏻,200,87,137
👨🏾‍❤️‍👨🏼,212,97,143
👨🏾‍❤‍👨🏼,212,97,143
👨🏾‍❤️‍👨🏽,195,77,127
👨🏾‍❤‍👨🏽,195,77,127
👨🏼‍❤️‍👨🏼,241,125,164
👨🏼‍❤‍👨🏼,241,125,164
👨🏼‍❤️‍👨🏿,199,87,133
👨🏼‍❤‍👨🏿,199,87,133
👨🏼‍❤️‍👨🏻,229,115,158
👨🏼‍❤‍👨🏻,229,115,158
👨🏼‍❤️‍👨🏾,212,97,143
👨🏼‍❤‍👨🏾,212,97,143
👨🏼‍❤️‍👨🏽,223,105,148
👨🏼‍❤‍👨🏽,223,105,148
👨🏽‍❤️‍👨🏽,206,84,132
👨🏽‍❤‍👨🏽,206,84,132
👨🏽‍❤️‍👨🏿,181,66,117
👨🏽‍❤‍👨🏿,181,66,117
👨🏽‍❤️‍👨🏻,211,95,142
👨🏽‍❤‍👨🏻,211,95,142
👨🏽‍❤️‍👨🏾,195,77,127
👨🏽‍❤‍👨🏾,195,77,127
👨🏽‍❤️‍👨🏼,223,105,148
👨🏽‍❤‍👨🏼,223,105,148
💑🏾,182,68,120
💑🏼,241,128,165
💑🏽,204,84,131
🧑🏿‍❤️‍🧑🏻,184,76,126
🧑🏿‍❤‍🧑🏻,184,76,126
🧑🏿‍❤️‍🧑🏾,168,58,111
🧑🏿‍❤‍🧑🏾,168,58,111
🧑🏿‍❤️‍🧑🏼,197,88,133
🧑🏿‍❤‍🧑🏼,197,88,133
🧑🏿‍❤️‍🧑🏽,179,66,116
🧑🏿‍❤‍🧑🏽,179,66,116
🧑🏻‍❤️‍🧑🏿,184,76,126
🧑🏻‍❤‍🧑🏿,184,76,126
🧑🏻‍❤️‍🧑🏾,198,87,135
🧑🏻‍❤‍🧑🏾,198,87,135
🧑🏻‍❤️‍🧑🏼,228,116,157
🧑🏻‍❤‍🧑🏼,228,116,157
🧑🏻‍❤️‍🧑🏽,209,95,141
🧑🏻‍❤‍🧑🏽,209,95,141
🧑🏾‍❤️‍🧑🏿,168,58,111
🧑🏾‍❤‍🧑🏿,168,58,111
🧑🏾‍❤️‍🧑🏻,198,87,135
🧑🏾‍❤‍🧑🏻,198,87,135
🧑🏾‍❤️‍🧑🏼,212,98,143
🧑🏾‍❤‍🧑🏼,212,98,143
🧑🏾‍❤️‍🧑🏽,193,76,126
🧑🏾‍❤‍🧑🏽,193,76,126
🧑🏼‍❤️‍🧑🏿,198,88,133
🧑🏼‍❤‍🧑🏿,198,88,133
🧑🏼‍❤️‍🧑🏻,228,116,157
🧑🏼‍❤‍🧑🏻,228,116,157
🧑🏼‍❤️‍🧑🏾,212,98,143
🧑🏼‍❤‍🧑🏾,212,98,143
🧑🏼‍❤️‍🧑🏽,223,106,148
🧑🏼‍❤‍🧑🏽,223,106,148
🧑🏽‍❤️‍🧑🏿,179,66,116
🧑🏽‍❤‍🧑🏿,179,66,116
🧑🏽‍❤️‍🧑🏻,209,95,141
🧑🏽‍❤‍🧑🏻,209,95,141
🧑🏽‍❤️‍🧑🏾,193,76,126
🧑🏽‍❤‍🧑🏾,193,76,126
🧑🏽‍❤️‍🧑🏼,223,106,148
🧑🏽‍❤‍🧑🏼,223,106,148
👩‍❤️‍👨,244,117,103
👩‍❤‍👨,244,117,103
👩🏿‍❤️‍👨🏿,147,45,96
👩🏿‍❤‍👨🏿,147,45,96
👩🏿‍❤️‍👨🏻,176,72,120
👩🏿‍❤‍👨🏻,176,72,120
👩🏿‍❤️‍👨🏾,160,54,106
👩🏿‍❤‍👨🏾,160,54,106
👩🏿‍❤️‍👨🏼,187,81,126
👩🏿‍❤‍👨🏼,187,81,126
👩🏿‍❤️‍👨🏽,171,62,111
👩🏿‍❤‍👨🏽,171,62,111
👩🏻‍❤️‍👨🏻,201,95,141
👩🏻‍❤‍👨🏻,201,95,141
👩🏻‍❤️‍👨🏿,172,68,117
👩🏻‍❤‍👨🏿,172,68,117
👩🏻‍❤️‍👨🏾,185,78,127
👩🏻‍❤‍👨🏾,185,78,127
👩🏻‍❤️‍👨🏼,213,105,147
👩🏻‍❤‍👨🏼,213,105,147
👩🏻‍❤️‍👨🏽,196,85,131
👩🏻‍❤‍👨🏽,196,85,131
👩🏾‍❤️‍👨🏾,174,65,117
👩🏾‍❤‍👨🏾,174,65,117
👩🏾‍❤️‍👨🏿,161,55,108
👩🏾‍❤‍👨🏿,161,55,108
👩🏾‍❤️‍👨🏻,190,82,131
👩🏾‍❤‍👨🏻,190,82,131
👩🏾‍❤️‍👨🏼,202,92,137
👩🏾‍❤‍👨🏼,202,92,137
👩🏾‍❤️‍👨🏽,185,72,122
👩🏾‍❤‍👨🏽,185,72,122
👩🏼‍❤️‍👨🏼,242,132,165
👩🏼‍❤‍👨🏼,242,132,165
👩🏼‍❤️‍👨🏿,201,95,136
👩🏼‍❤‍👨🏿,201,95,136
👩🏼‍❤️‍👨🏻,230,122,159
👩🏼‍❤‍👨🏻,230,122,159
👩🏼‍❤️‍👨🏾,214,105,145
👩🏼‍❤‍👨🏾,214,105,145
👩🏼‍❤️‍👨🏽,225,113,150
👩🏼‍❤‍👨🏽,225,113,150
👩🏽‍❤️‍👨🏽,197,80,126
👩🏽‍❤‍👨🏽,197,80,126
👩🏽‍❤️‍👨🏿,173,63,112
👩🏽‍❤‍👨🏿,173,63,112
👩🏽‍❤️‍👨🏻,202,90,136
👩🏽‍❤‍👨🏻,202,90,136
👩🏽‍❤️‍👨🏾,186,73,122
👩🏽‍❤‍👨🏾,186,73,122
👩🏽‍❤️‍👨🏼,214,100,142
👩🏽‍❤‍👨🏼,214,100,142
👩‍❤️‍👩,243,117,99
👩‍❤‍👩,243,117,99
👩🏿‍❤️‍👩🏿,138,41,91
👩🏿‍❤‍👩🏿,138,41,91
👩🏿‍❤️‍👩🏻,163,64,111
👩🏿‍❤‍👩🏻,163,64,111
👩🏿‍❤️‍👩🏾,152,51,101
👩🏿‍❤‍👩🏾,152,51,101
👩🏿‍❤️‍👩🏼,190,90,129
👩🏿‍❤‍👩🏼,190,90,129
👩🏿‍❤️‍👩🏽,163,59,106
👩🏿‍❤‍👩🏽,163,59,106
👩🏻‍❤️‍👩🏻,187,87,131
👩🏻‍❤‍👩🏻,187,87,131
👩🏻‍❤️‍👩🏿,163,64,111
👩🏻‍❤‍👩🏿,163,64,111
👩🏻‍❤️‍👩🏾,176,74,122
👩🏻‍❤‍👩🏾,176,74,122
👩🏻‍❤️‍👩🏼,215,113,149
👩🏻‍❤‍👩🏼,215,113,149
👩🏻‍❤️‍👩🏽,188,81,126
👩🏻‍❤‍👩🏽,188,81,126
👩🏾‍❤️‍👩🏾,166,61,112
👩🏾‍❤‍👩🏾,166,61,112
👩🏾‍❤️‍👩🏿,152,51,101
👩🏾‍❤‍👩🏿,152,51,101
👩🏾‍❤️‍👩🏻,176,74,122
👩🏾‍❤‍👩🏻,176,74,122
👩🏾‍❤️‍👩🏼,204,100,139
👩🏾‍❤‍👩🏼,204,100,139
👩🏾‍❤️‍👩🏽,177,69,117
👩🏾‍❤‍👩🏽,177,69,117
👩🏼‍❤️‍👩🏼,242,139,166
👩🏼‍❤‍👩🏼,242,139,166
👩🏼‍❤️‍👩🏿,190,90,129
👩🏼‍❤‍👩🏿,190,90,129
👩🏼‍❤️‍👩🏻,215,113,149
👩🏼‍❤‍👩🏻,215,113,149
👩🏼‍❤️‍👩🏾,204,100,139
👩🏼‍❤‍👩🏾,204,100,139
👩🏼‍❤️‍👩🏽,216,108,144
👩🏼‍❤‍👩🏽,216,108,144
👩🏽‍❤️‍👩🏽,189,76,121
👩🏽‍❤‍👩🏽,189,76,121
👩🏽‍❤️‍👩🏿,163,59,106
👩🏽‍❤‍👩🏿,163,59,106
👩🏽‍❤️‍👩🏻,188,82,126
👩🏽‍❤‍👩🏻,188,82,126
👩🏽‍❤️‍👩🏾,177,69,117
👩🏽‍❤‍👩🏾,177,69,117
👩🏽‍❤️‍👩🏼,216,108,144
👩🏽‍❤‍👩🏼,216,108,144
🐄,177,171,171
🐮,199,167,160
🤠,194,130,92
🦀,236,68,83
🖍️,128,192,88
🖍,128,192,88
💳,56,157,205
🌙,251,213,81
🦗,168,226,80
🏏,220,161,118
🐊,36,213,118
🥐,240,178,109
🤞,247,189,61
🤞🏿,90,61,63
🤞🏻,252,211,190
🤞🏾,150,105,101
🤞🏼,234,188,168
🤞🏽,195,142,125
🎌,225,201,212
⚔️,165,159,172
⚔,165,159,172
👑,238,177,78
🩼,182,179,197
😿,241,168,70
😢,232,176,91
🔮,123,98,122
🥒,82,154,43
🥤,219,155,184
🧁,201,137,213
🥌,207,125,139
🦱,246,181,44
➰,143,121,209
💱,100,155,204
🍛,225,178,148
🍮,210,169,134
🛃,66,189,241
🥩,247,142,138
🌀,54,97,193
🗡️,197,160,136
🗡,197,160,136
🍡,176,212,161
🏿,91,60,62
💨,221,221,221
🧏‍♂️,209,159,110
🧏‍♂,209,159,110
🧏🏿‍♂️,106,79,108
🧏🏿‍♂,106,79,108
🧏🏻‍♂️,185,153,172
🧏🏻‍♂,185,153,172
🧏🏾‍♂️,140,104,131
🧏🏾‍♂,140,104,131
🧏🏼‍♂️,202,166,178
🧏🏼‍♂,202,166,178
🧏🏽‍♂️,166,124,144
🧏🏽‍♂,166,124,144
🧏,245,163,63
🧏🏿,153,90,64
🧏🏻,239,169,131
🧏🏾,187,114,85
🧏🏼,236,163,124
🧏🏽,212,133,98
🧏‍♀️,165,184,134
🧏‍♀,165,184,134
🧏🏿‍♀️,76,112,135
🧏🏿‍♀,76,112,135
🧏🏻‍♀️,161,190,202
🧏🏻‍♀,161,190,202
🧏🏾‍♀️,109,136,156
🧏🏾‍♀,109,136,156
🧏🏼‍♀️,157,183,194
🧏🏼‍♀,157,183,194
🧏🏽‍♀️,134,155,169
🧏🏽‍♀,134,155,169
🌳,83,148,44
🦌,230,175,116
🚚,212,171,99
🏬,125,156,206
🏚️,205,147,104
🏚,205,147,104
🏜️,169,142,101
🏜,169,142,101
🏝️,141,158,121
🏝,141,158,121
🖥️,96,187,223
🖥,96,187,223
🕵️,148,125,130
🕵,148,125,130
🕵🏿,109,93,130
🕵🏻,145,127,159
🕵🏾,123,104,139
🕵🏼,144,125,156
🕵🏽,134,112,144
♦️,248,63,61
♦,248,63,61
💠,24,175,239
😞,238,167,55
🥸,161,126,81
➗,139,116,208
🤿,199,118,137
🪔,226,152,71
💫,251,199,90
🧬,185,146,177
🦤,182,174,163
🐕,238,177,113
🐶,201,154,114
💵,52,203,134
🐬,38,178,239
🫏,186,178,171
🚪,219,149,75
🫥,239,211,174
🔯,163,131,208
➿,154,134,213
🍩,150,107,81
🕊️,215,221,211
🕊,215,221,211
😓,223,161,73
🐉,106,189,124
🐲,105,176,120
👗,86,169,248
🤤,227,157,73
🩸,248,62,60
💧,51,204,252
🥁,233,188,180
🦆,171,171,146
🥟,254,211,145
📀,254,187,63
📧,180,202,226
🦅,168,129,110
👂,247,189,62
👂🏿,91,62,64
👂🏻,252,211,190
👂🏾,150,106,102
👂🏼,234,189,169
👂🏽,196,142,126
🌽,167,182,64
🦻,235,188,88
🦻🏿,110,86,89
🦻🏻,239,206,191
🦻🏾,158,122,120
🦻🏼,225,188,174
🦻🏽,194,151,139
🥚,243,177,105
🍆,130,97,175
✴️,255,176,84
✴,255,176,84
✳️,52,219,136
✳,52,219,136
🕣,177,173,174
🔌,126,96,128
🐘,164,164,164
🛗,64,188,241
🕦,177,173,174
🧝,176,148,64
🧝🏿,99,90,61
🧝🏻,144,132,98
🧝🏾,121,106,77
🧝🏼,173,159,115
🧝🏽,139,119,85
🪹,181,131,85
😡,230,87,87
✉️,216,209,224
✉,216,209,224
💶,111,180,211
🌲,87,148,49
🐑,212,193,194
🤯,237,194,144
😑,241,170,55
👁️,188,174,169
👁,188,174,169
👁️‍🗨️,111,95,121
👁‍🗨️,111,95,121
👁️‍🗨,111,95,121
👁‍🗨,111,95,121
👀,194,189,197
😘,236,158,76
😮‍💨,237,174,77
🥹,223,162,70
😶‍🌫️,230,217,223
😶‍🌫,230,217,223
😋,235,157,60
😱,215,167,137
🤮,183,172,73
😵,232,156,62
🫤,246,186,91
🤭,243,157,54
🤕,227,186,125
😷,228,194,138
🧐,221,168,89
🫢,241,172,86
😮,241,172,95
🫣,244,151,64
🤨,240,179,83
🙄,245,185,89
😵‍💫,204,144,56
😤,229,183,110
😂,215,144,97
🤒,228,163,79
😛,243,165,99
😶,251,188,86
🏭,178,163,166
🧑‍🏭,106,150,157
🧑🏿‍🏭,64,115,157
🧑🏻‍🏭,103,152,188
🧑🏾‍🏭,79,127,166
🧑🏼‍🏭,102,149,184
🧑🏽‍🏭,91,136,172
🧚,210,181,120
🧚🏿,149,138,127
🧚🏻,203,187,169
🧚🏾,172,155,143
🧚🏼,205,188,168
🧚🏽,187,167,150
🧆,116,97,64
🍂,236,102,78
👪,244,152,61
👨‍👦,125,180,152
👨‍👦‍👦,136,181,139
👨‍👧,136,173,151
👨‍👧‍👦,144,176,138
👨‍👧‍👧,152,170,137
👨‍👨‍👦,111,177,166
👨‍👨‍👦‍👦,108,178,167
👨‍👨‍👧,110,177,167
👨‍👨‍👧‍👦,108,177,168
👨‍👨‍👧‍👧,108,177,169
👨‍👩‍👦,151,157,147
👨‍👩‍👦‍👦,150,158,149
👨‍👩‍👧,152,157,148
👨‍👩‍👧‍👦,150,158,149
👨‍👩‍👧‍👧,150,157,150
👩‍👦,189,148,123
👩‍👦‍👦,189,154,116
👩‍👧,199,142,122
👩‍👧‍👦,197,149,114
👩‍👧‍👧,205,144,113
👩‍👩‍👦,188,139,130
👩‍👩‍👦‍👦,186,139,131
👩‍👩‍👧,189,138,130
👩‍👩‍👧‍👦,187,139,131
👩‍👩‍👧‍👧,188,138,132
🧑‍🌾,122,163,127
🧑🏿‍🌾,82,130,127
🧑🏻‍🌾,118,164,157
🧑🏾‍🌾,96,141,136
🧑🏼‍🌾,118,162,154
🧑🏽‍🌾,107,149,142
📠,113,107,131
😨,189,159,153
🪶,227,165,105
♀️,248,51,160
♀,248,51,160
🎡,207,187,186
⛴️,104,162,213
⛴,104,162,213
🏑,199,160,161
🗄️,81,72,110
🗄,81,72,110
📁,252,207,67
🎞️,108,136,182
🎞,108,136,182
📽️,152,150,152
📽,152,150,152
🔥,255,146,53
🚒,194,120,129
🧯,206,95,102
🧨,246,84,70
🧑‍🚒,213,102,91
🧑🏿‍🚒,183,78,91
🧑🏻‍🚒,210,103,112
🧑🏾‍🚒,194,86,98
🧑🏼‍🚒,210,102,110
🧑🏽‍🚒,202,92,102
🎆,121,83,98
🌓,167,134,86
🌛,239,201,78
🐟,21,171,236
🍥,231,211,221
🎣,108,159,169
🕠,177,173,175
⛳,128,156,76
🦩,247,139,210
🔦,179,163,160
🥿,25,162,226
🫓,239,172,100
⚜️,252,184,76
⚜,252,184,76
💪,252,199,71
💪🏿,96,67,69
💪🏻,254,216,195
💪🏾,155,111,106
💪🏼,237,193,174
💪🏽,200,147,130
💾,158,137,163
🎴,186,59,141
😳,241,177,87
🪈,233,150,110
🪰,135,162,197
🥏,28,186,233
🛸,180,190,165
🌫️,191,191,191
🌫,191,191,191
🌁,175,189,196
🙏,204,145,146
🙏🏿,113,70,147
🙏🏻,204,154,218
🙏🏾,146,95,169
🙏🏼,193,141,206
🙏🏽,172,115,182
🪭,200,76,91
🫕,218,112,93
🦶,250,195,66
🦶🏿,93,64,66
🦶🏻,253,214,193
🦶🏾,153,108,104
🦶🏼,236,191,171
🦶🏽,198,145,128
👣,106,80,122
🍴,171,171,171
🍽️,204,195,213
🍽,204,195,213
🥠,238,172,79
⛲,175,189,212
🖋️,95,161,201
🖋,95,161,201
🕟,177,173,174
🍀,26,210,120
🦊,230,150,89
🖼️,166,178,139
🖼,166,178,139
🍟,242,99,63
🍤,255,163,63
🐸,130,203,93
🐥,251,207,76
☹️,238,178,83
☹,238,178,83
😦,243,178,92
⛽,218,106,105
🌕,251,211,71
🌝,237,198,71
⚱️,211,144,80
⚱,211,144,80
🎲,203,192,210
🧄,254,225,167
⚙️,181,173,189
⚙,181,173,189
💎,69,179,235
🧞,152,136,172
👻,231,214,226
🫚,213,148,78
🦒,243,172,82
👧,242,179,61
👧🏿,63,47,48
👧🏻,154,133,123
👧🏾,112,83,85
👧🏼,239,212,176
👧🏽,152,110,102
🥛,215,232,251
👓,142,168,209
🌎,11,150,165
🌏,11,155,160
🌍,11,159,156
🌐,153,212,255
🧤,172,93,199
🌟,252,218,87
🥅,216,140,139
🐐,229,170,108
👺,215,89,100
🥽,110,178,237
🪿,182,127,97
🦍,119,119,119
🎓,98,69,86
🍇,140,97,159
🍏,129,216,61
📗,127,202,67
💚,17,206,122
🥗,174,168,133
🩶,154,154,154
😬,245,189,111
😺,248,164,65
😸,247,164,65
😀,235,162,101
😃,236,162,102
😄,234,151,76
😅,222,147,88
😆,229,144,80
💗,253,128,198
💂,160,83,92
💂🏿,134,62,92
💂🏻,159,85,112
💂🏾,144,69,98
💂🏼,158,82,109
💂🏽,151,74,102
🦮,223,173,117
🎸,205,120,155
🪮,160,124,182
🍔,193,147,80
🔨,165,134,131
⚒️,172,146,144
⚒,172,146,144
🛠️,178,160,166
🛠,178,160,166
🪬,33,169,232
🐹,239,164,112
🖐️,250,196,69
🖐,250,196,69
🖐🏿,96,67,69
🖐🏻,253,214,194
🖐🏾,154,111,106
🖐🏼,236,192,173
🖐🏽,199,146,130
🫰,251,198,70
🫰🏿,96,67,69
🫰🏻,253,215,195
🫰🏾,155,111,106
🫰🏼,237,193,173
🫰🏽,199,147,130
👜,177,127,86
🤝,247,188,58
🤝🏿,88,59,61
🫱🏿‍🫲🏻,129,97,93
🫱🏿‍🫲🏾,103,70,71
🫱🏿‍🫲🏼,125,91,88
🫱🏿‍🫲🏽,115,79,77
🤝🏻,252,211,189
🫱🏻‍🫲🏿,211,172,157
🫱🏻‍🫲🏾,226,184,166
🫱🏻‍🫲🏼,247,205,184
🫱🏻‍🫲🏽,237,193,172
🤝🏾,149,104,100
🫱🏾‍🫲🏿,134,93,90
🫱🏾‍🫲🏻,175,131,122
🫱🏾‍🫲🏼,170,125,117
🫱🏾‍🫲🏽,160,114,106
🤝🏼,234,188,168
🫱🏼‍🫲🏿,197,155,141
🫱🏼‍🫲🏻,238,194,173
🫱🏼‍🫲🏾,212,167,150
🫱🏼‍🫲🏽,224,176,156
🤝🏽,195,141,124
🫱🏽‍🫲🏿,168,120,108
🫱🏽‍🫲🏻,209,159,140
🫱🏽‍🫲🏾,183,132,118
🫱🏽‍🫲🏼,205,153,135
🐣,228,210,154
🎧,203,195,210
🪦,148,162,133
🧑‍⚕️,221,194,150
🧑‍⚕,221,194,150
🧑🏿‍⚕️,157,145,147
🧑🏿‍⚕,157,145,147
🧑🏻‍⚕️,200,185,182
🧑🏻‍⚕,200,185,182
🧑🏾‍⚕️,177,159,161
🧑🏾‍⚕,177,159,161
🧑🏼‍⚕️,218,201,191
🧑🏼‍⚕,218,201,191
🧑🏽‍⚕️,192,170,168
🧑🏽‍⚕,192,170,168
🙉,175,114,99
💟,170,142,210
❣️,249,65,110
❣,249,65,110
🫶,252,199,72
🫶🏿,100,71,73
🫶🏻,253,216,196
🫶🏾,158,115,110
🫶🏼,237,195,175
🫶🏽,201,149,133
❤️‍🔥,249,102,95
❤‍🔥,249,102,95
♥️,248,60,58
♥,248,60,58
💝,251,115,87
💲,43,217,131
🟰,141,119,208
🦔,165,117,80
🚁,208,163,119
🌿,150,212,89
🌺,239,107,167
👠,184,36,87
🚄,155,203,232
⚡,255,148,75
🥾,214,146,58
🛕,189,108,60
🦛,170,152,152
🕳️,91,74,103
🕳,91,74,103
🍯,181,121,65
🐝,156,132,125
🪝,249,205,97
🚥,83,79,58
🐎,149,108,93
🐴,103,76,65
🏇,116,116,93
🏇🏿,112,113,93
🏇🏻,115,116,96
🏇🏾,113,114,94
🏇🏼,116,117,96
🏇🏽,114,115,95
🏥,191,168,194
☕,188,169,163
🌭,243,157,81
🥵,221,125,104
🌶️,167,120,85
🌶,167,120,85
♨️,249,93,92
♨,249,93,92
🏨,232,185,156
⌛,194,193,169
⏳,205,203,177
🏠,198,163,123
🏡,155,175,121
🏘️,148,185,126
🏘,148,185,126
💯,249,86,125
😯,241,177,91
🛖,172,124,82
🪻,159,133,190
🧊,44,162,225
🍨,155,182,184
🏒,214,163,146
⛸️,172,170,184
⛸,172,170,184
🪪,69,184,227
📥,143,170,202
📨,198,200,220
🫵,246,188,59
🫵🏿,87,58,60
🫵🏻,252,210,189
🫵🏾,148,103,99
🫵🏼,233,187,167
🫵🏽,194,140,123
☝️,248,191,63
☝,248,191,63
☝🏿,91,62,64
☝🏻,252,212,191
☝🏾,151,107,102
☝🏼,235,190,170
☝🏽,196,143,126
♾️,48,182,240
♾,48,182,240
ℹ️,26,175,238
ℹ,26,175,238
🔤,38,178,238
🔡,54,184,240
🔠,60,186,241
🔢,46,182,240
🎃,221,122,92
🫙,179,210,232
👖,23,165,230
🪼,112,138,232
🃏,224,213,223
🕹️,137,83,120
🕹,137,83,120
🧑‍⚖️,132,103,50
🧑‍⚖,132,103,50
🧑🏿‍⚖️,61,48,47
🧑🏿‍⚖,61,48,47
🧑🏻‍⚖️,112,95,88
🧑🏻‍⚖,112,95,88
🧑🏾‍⚖️,83,64,63
🧑🏾‍⚖,83,64,63
🧑🏼‍⚖️,129,109,96
🧑🏼‍⚖,129,109,96
🧑🏽‍⚖️,101,77,71
🧑🏽‍⚖,101,77,71
🕋,111,79,85
🦘,243,182,115
🔑,249,200,80
⌨️,191,182,200
⌨,191,182,200
🪯,165,134,209
🛴,83,149,169
👘,46,149,212
💏,248,122,98
💏🏿,144,42,92
💏🏻,214,108,150
👨‍❤️‍💋‍👨,248,122,99
👨‍❤‍💋‍👨,248,122,99
👨🏿‍❤️‍💋‍👨🏿,145,43,93
👨🏿‍❤‍💋‍👨🏿,145,43,93
👨🏿‍❤️‍💋‍👨🏻,180,76,122
👨🏿‍❤‍💋‍👨🏻,180,76,122
👨🏿‍❤️‍💋‍👨🏾,161,54,104
👨🏿‍❤‍💋‍👨🏾,161,54,104
👨🏿‍❤️‍💋‍👨🏼,192,85,127
👨🏿‍❤‍💋‍👨🏼,192,85,127
👨🏿‍❤️‍💋‍👨🏽,173,64,110
👨🏿‍❤‍💋‍👨🏽,173,64,110
👨🏻‍❤️‍💋‍👨🏻,215,109,151
👨🏻‍❤‍💋‍👨🏻,215,109,151
👨🏻‍❤️‍💋‍👨🏿,180,76,122
👨🏻‍❤‍💋‍👨🏿,180,76,122
👨🏻‍❤️‍💋‍👨🏾,196,88,133
👨🏻‍❤‍💋‍👨🏾,196,88,133
👨🏻‍❤️‍💋‍👨🏼,227,119,156
👨🏻‍❤‍💋‍👨🏼,227,119,156
👨🏻‍❤️‍💋‍👨🏽,208,97,139
👨🏻‍❤‍💋‍👨🏽,208,97,139
👨🏾‍❤️‍💋‍👨🏾,177,66,115
👨🏾‍❤‍💋‍👨🏾,177,66,115
👨🏾‍❤️‍💋‍👨🏿,161,55,104
👨🏾‍❤‍💋‍👨🏿,161,55,104
👨🏾‍❤️‍💋‍👨🏻,196,88,133
👨🏾‍❤‍💋‍👨🏻,196,88,133
👨🏾‍❤️‍💋‍👨🏼,208,97,138
👨🏾‍❤‍💋‍👨🏼,208,97,138
👨🏾‍❤️‍💋‍👨🏽,189,76,121
👨🏾‍❤‍💋‍👨🏽,189,76,121
👨🏼‍❤️‍💋‍👨🏼,241,130,162
👨🏼‍❤‍💋‍👨🏼,241,130,162
👨🏼‍❤️‍💋‍👨🏿,194,87,128
👨🏼‍❤‍💋‍👨🏿,194,87,128
👨🏼‍❤️‍💋‍👨🏻,229,120,157
👨🏼‍❤‍💋‍👨🏻,229,120,157
👨🏼‍❤️‍💋‍👨🏾,209,99,139
👨🏼‍❤‍💋‍👨🏾,209,99,139
👨🏼‍❤️‍💋‍👨🏽,222,108,145
👨🏼‍❤‍💋‍👨🏽,222,108,145
👨🏽‍❤️‍💋‍👨🏽,202,85,127
👨🏽‍❤‍💋‍👨🏽,202,85,127
👨🏽‍❤️‍💋‍👨🏿,174,64,110
👨🏽‍❤‍💋‍👨🏿,174,64,110
👨🏽‍❤️‍💋‍👨🏻,209,97,139
👨🏽‍❤‍💋‍👨🏻,209,97,139
👨🏽‍❤️‍💋‍👨🏾,189,76,121
👨🏽‍❤‍💋‍👨🏾,189,76,121
👨🏽‍❤️‍💋‍👨🏼,221,107,144
👨🏽‍❤‍💋‍👨🏼,221,107,144
💏🏾,176,65,115
💏🏼,242,131,163
💏🏽,201,84,127
🧑🏿‍❤️‍💋‍🧑🏻,178,75,120
🧑🏿‍❤‍💋‍🧑🏻,178,75,120
🧑🏿‍❤️‍💋‍🧑🏾,159,53,103
🧑🏿‍❤‍💋‍🧑🏾,159,53,103
🧑🏿‍❤️‍💋‍🧑🏼,192,86,127
🧑🏿‍❤‍💋‍🧑🏼,192,86,127
🧑🏿‍❤️‍💋‍🧑🏽,172,63,109
🧑🏿‍❤‍💋‍🧑🏽,172,63,109
🧑🏻‍❤️‍💋‍🧑🏿,178,75,121
🧑🏻‍❤‍💋‍🧑🏿,178,75,121
🧑🏻‍❤️‍💋‍🧑🏾,194,87,132
🧑🏻‍❤‍💋‍🧑🏾,194,87,132
🧑🏻‍❤️‍💋‍🧑🏼,227,120,156
🧑🏻‍❤‍💋‍🧑🏼,227,120,156
🧑🏻‍❤️‍💋‍🧑🏽,207,96,138
🧑🏻‍❤‍💋‍🧑🏽,207,96,138
🧑🏾‍❤️‍💋‍🧑🏿,159,54,103
🧑🏾‍❤‍💋‍🧑🏿,159,54,103
🧑🏾‍❤️‍💋‍🧑🏻,194,87,132
🧑🏾‍❤‍💋‍🧑🏻,194,87,132
🧑🏾‍❤️‍💋‍🧑🏼,208,98,138
🧑🏾‍❤‍💋‍🧑🏼,208,98,138
🧑🏾‍❤️‍💋‍🧑🏽,188,75,120
🧑🏾‍❤‍💋‍🧑🏽,188,75,120
🧑🏼‍❤️‍💋‍🧑🏿,193,88,128
🧑🏼‍❤‍💋‍🧑🏿,193,88,128
🧑🏼‍❤️‍💋‍🧑🏻,228,121,157
🧑🏼‍❤‍💋‍🧑🏻,228,121,157
🧑🏼‍❤️‍💋‍🧑🏾,209,99,139
🧑🏼‍❤‍💋‍🧑🏾,209,99,139
🧑🏼‍❤️‍💋‍🧑🏽,222,109,145
🧑🏼‍❤‍💋‍🧑🏽,222,109,145
🧑🏽‍❤️‍💋‍🧑🏿,172,63,109
🧑🏽‍❤‍💋‍🧑🏿,172,63,109
🧑🏽‍❤️‍💋‍🧑🏻,207,96,138
🧑🏽‍❤‍💋‍🧑🏻,207,96,138
🧑🏽‍❤️‍💋‍🧑🏾,188,75,120
🧑🏽‍❤‍💋‍🧑🏾,188,75,120
🧑🏽‍❤️‍💋‍🧑🏼,221,108,144
🧑🏽‍❤‍💋‍🧑🏼,221,108,144
👩‍❤️‍💋‍👨,247,122,93
👩‍❤‍💋‍👨,247,122,93
👩🏿‍❤️‍💋‍👨🏿,134,37,86
👩🏿‍❤‍💋‍👨🏿,134,37,86
👩🏿‍❤️‍💋‍👨🏻,167,69,112
👩🏿‍❤‍💋‍👨🏻,167,69,112
👩🏿‍❤️‍💋‍👨🏾,148,48,96
👩🏿‍❤‍💋‍👨🏾,148,48,96
👩🏿‍❤️‍💋‍👨🏼,178,78,118
👩🏿‍❤‍💋‍👨🏼,178,78,118
👩🏿‍❤️‍💋‍👨🏽,160,57,101
👩🏿‍❤‍💋‍👨🏽,160,57,101
👩🏻‍❤️‍💋‍👨🏻,197,97,138
👩🏻‍❤‍💋‍👨🏻,197,97,138
👩🏻‍❤️‍💋‍👨🏿,164,66,111
👩🏻‍❤‍💋‍👨🏿,164,66,111
👩🏻‍❤️‍💋‍👨🏾,179,77,121
👩🏻‍❤‍💋‍👨🏾,179,77,121
👩🏻‍❤️‍💋‍👨🏼,208,106,143
👩🏻‍❤‍💋‍👨🏼,208,106,143
👩🏻‍❤️‍💋‍👨🏽,190,86,127
👩🏻‍❤‍💋‍👨🏽,190,86,127
👩🏾‍❤️‍💋‍👨🏾,165,61,109
👩🏾‍❤‍💋‍👨🏾,165,61,109
👩🏾‍❤️‍💋‍👨🏿,151,50,99
👩🏾‍❤‍💋‍👨🏿,151,50,99
👩🏾‍❤️‍💋‍👨🏻,183,81,126
👩🏾‍❤‍💋‍👨🏻,183,81,126
👩🏾‍❤️‍💋‍👨🏼,195,90,131
👩🏾‍❤‍💋‍👨🏼,195,90,131
👩🏾‍❤️‍💋‍👨🏽,177,70,115
👩🏾‍❤‍💋‍👨🏽,177,70,115
👩🏼‍❤️‍💋‍👨🏼,243,138,164
👩🏼‍❤‍💋‍👨🏼,243,138,164
👩🏼‍❤️‍💋‍👨🏿,198,98,132
👩🏼‍❤‍💋‍👨🏿,198,98,132
👩🏼‍❤️‍💋‍👨🏻,231,129,159
👩🏼‍❤‍💋‍👨🏻,231,129,159
👩🏼‍❤️‍💋‍👨🏾,213,109,143
👩🏼‍❤‍💋‍👨🏾,213,109,143
👩🏼‍❤️‍💋‍👨🏽,225,118,148
👩🏼‍❤‍💋‍👨🏽,225,118,148
👩🏽‍❤️‍💋‍👨🏽,192,80,121
👩🏽‍❤‍💋‍👨🏽,192,80,121
👩🏽‍❤️‍💋‍👨🏿,165,60,105
👩🏽‍❤‍💋‍👨🏿,165,60,105
👩🏽‍❤️‍💋‍👨🏻,198,91,132
👩🏽‍❤‍💋‍👨🏻,198,91,132
👩🏽‍❤️‍💋‍👨🏾,180,71,115
👩🏽‍❤‍💋‍👨🏾,180,71,115
👩🏽‍❤️‍💋‍👨🏼,209,100,137
👩🏽‍❤‍💋‍👨🏼,209,100,137
👩‍❤️‍💋‍👩,246,121,89
👩‍❤‍💋‍👩,246,121,89
👩🏿‍❤️‍💋‍👩🏿,125,33,79
👩🏿‍❤‍💋‍👩🏿,125,33,79
👩🏿‍❤️‍💋‍👩🏻,153,60,103
👩🏿‍❤‍💋‍👩🏻,153,60,103
👩🏿‍❤️‍💋‍👩🏾,140,44,91
👩🏿‍❤‍💋‍👩🏾,140,44,91
👩🏿‍❤️‍💋‍👩🏼,182,86,121
👩🏿‍❤‍💋‍👩🏼,182,86,121
👩🏿‍❤️‍💋‍👩🏽,153,53,97
👩🏿‍❤‍💋‍👩🏽,153,53,97
👩🏻‍❤️‍💋‍👩🏻,183,87,127
👩🏻‍❤‍💋‍👩🏻,183,87,127
👩🏻‍❤️‍💋‍👩🏿,154,61,104
👩🏻‍❤‍💋‍👩🏿,154,61,104
👩🏻‍❤️‍💋‍👩🏾,170,72,116
👩🏻‍❤‍💋‍👩🏾,170,72,116
👩🏻‍❤️‍💋‍👩🏼,211,114,145
👩🏻‍❤‍💋‍👩🏼,211,114,145
👩🏻‍❤️‍💋‍👩🏽,183,81,121
👩🏻‍❤‍💋‍👩🏽,183,81,121
👩🏾‍❤️‍💋‍👩🏾,157,57,104
👩🏾‍❤‍💋‍👩🏾,157,57,104
👩🏾‍❤️‍💋‍👩🏿,141,45,92
👩🏾‍❤‍💋‍👩🏿,141,45,92
👩🏾‍❤️‍💋‍👩🏻,170,72,116
👩🏾‍❤‍💋‍👩🏻,170,72,116
👩🏾‍❤️‍💋‍👩🏼,198,98,134
👩🏾‍❤‍💋‍👩🏼,198,98,134
👩🏾‍❤️‍💋‍👩🏽,170,65,109
👩🏾‍❤‍💋‍👩🏽,170,65,109
👩🏼‍❤️‍💋‍👩🏼,244,144,166
👩🏼‍❤‍💋‍👩🏼,244,144,166
👩🏼‍❤️‍💋‍👩🏿,187,91,124
👩🏼‍❤‍💋‍👩🏿,187,91,124
👩🏼‍❤️‍💋‍👩🏻,215,118,148
👩🏼‍❤‍💋‍👩🏻,215,118,148
👩🏼‍❤️‍💋‍👩🏾,202,102,136
👩🏼‍❤‍💋‍👩🏾,202,102,136
👩🏼‍❤️‍💋‍👩🏽,215,111,142
👩🏼‍❤‍💋‍👩🏽,215,111,142
👩🏽‍❤️‍💋‍👩🏽,184,75,115
👩🏽‍❤‍💋‍👩🏽,184,75,115
👩🏽‍❤️‍💋‍👩🏿,155,54,98
👩🏽‍❤‍💋‍👩🏿,155,54,98
👩🏽‍❤️‍💋‍👩🏻,184,81,121
👩🏽‍❤‍💋‍👩🏻,184,81,121
👩🏽‍❤️‍💋‍👩🏾,171,66,110
👩🏽‍❤‍💋‍👩🏾,171,66,110
👩🏽‍❤️‍💋‍👩🏼,212,108,139
👩🏽‍❤‍💋‍👩🏼,212,108,139
😽,244,157,63
😗,241,177,75
😚,235,161,55
😙,240,169,55
🔪,182,174,194
🪁,172,176,138
🥝,66,186,106
🪢,56,145,218
🐨,139,139,139
🥼,215,227,232
🏷️,249,211,93
🏷,249,211,93
🥍,163,194,210
🪜,154,104,87
🐞,147,60,59
💻,109,187,218
🔷,16,125,190
🔶,255,113,49
🌗,196,156,130
🌜,239,201,78
✝️,153,117,203
✝,153,117,203
🍃,63,208,140
🥬,99,190,75
📒,240,206,89
🤛,251,196,65
🤛🏿,92,62,64
🤛🏻,253,214,193
🤛🏾,152,107,102
🤛🏼,236,191,171
🤛🏽,198,144,127
🛅,92,198,243
🗨️,239,239,239
🗨,239,239,239
🫲,249,192,63
🫲🏿,91,62,64
🫲🏻,252,212,191
🫲🏾,151,106,102
🫲🏼,235,190,170
🫲🏽,197,143,126
🫷,205,146,140
🫷🏿,109,66,140
🫷🏻,206,157,217
🫷🏾,145,93,163
🫷🏼,196,143,204
🫷🏽,173,115,178
🦵,244,185,64
🦵🏿,94,67,69
🦵🏻,251,210,189
🦵🏾,151,110,106
🦵🏼,233,189,169
🦵🏽,195,144,128
🍋,241,216,74
🐆,244,176,72
🎚️,167,176,186
🎚,167,176,186
🩵,120,203,251
💡,242,212,98
🚈,157,183,187
🏻,255,216,195
🔗,185,185,185
🖇️,196,196,196
🖇,196,196,196
🦁,180,130,72
💄,191,79,123
🚮,56,185,240
🦎,46,217,132
🦙,211,197,204
🦞,237,77,89
🔒,233,191,93
🔐,229,194,112
🔏,215,190,119
🚂,171,112,120
🍭,189,168,152
🪘,207,149,91
🧴,250,192,184
🪷,167,108,146
😭,189,150,123
📢,217,109,124
🤟,250,195,67
🤟🏿,94,65,67
🤟🏻,253,214,193
🤟🏾,153,109,105
🤟🏼,236,191,172
🤟🏽,198,145,128
🏩,233,152,153
💌,222,158,185
🪫,191,139,151
🧳,44,187,234
🫁,249,164,162
🤥,244,177,85
🧙,94,166,173
🧙🏿,58,136,174
🧙🏻,94,170,202
🧙🏾,72,146,182
🧙🏼,91,165,197
🧙🏽,82,154,187
🪄,195,176,148
🧲,240,97,96
🔍,63,142,201
🔎,63,142,201
🀄,221,180,206
♂️,46,182,240
♂,46,182,240
🦣,166,116,95
👨,244,184,63
👨‍🎨,211,173,130
👨🏿‍🎨,166,136,130
👨🏻‍🎨,207,174,162
👨🏾‍🎨,182,148,140
👨🏼‍🎨,207,172,159
👨🏽‍🎨,194,157,146
👨‍🚀,192,182,162
👨🏿‍🚀,164,159,161
👨🏻‍🚀,189,182,181
👨🏾‍🚀,174,166,168
👨🏼‍🚀,189,181,179
👨🏽‍🚀,182,172,172
👨‍🦲,247,192,71
🧔‍♂️,240,173,58
🧔‍♂,240,173,58
🚴‍♂️,185,168,154
🚴‍♂,185,168,154
🚴🏿‍♂️,157,145,155
🚴🏿‍♂,157,145,155
🚴🏻‍♂️,184,170,177
🚴🏻‍♂,184,170,177
🚴🏾‍♂️,167,152,162
🚴🏾‍♂,167,152,162
🚴🏼‍♂️,183,168,174
🚴🏼‍♂,183,168,174
🚴🏽‍♂️,175,158,165
🚴🏽‍♂,175,158,165
👱‍♂️,248,205,100
👱‍♂,248,205,100
⛹️‍♂️,168,180,150
⛹‍♂️,168,180,150
⛹️‍♂,168,180,150
⛹‍♂,168,180,150
⛹🏿‍♂️,117,141,155
⛹🏿‍♂,117,141,155
⛹🏻‍♂️,162,183,190
⛹🏻‍♂,162,183,190
⛹🏾‍♂️,135,154,167
⛹🏾‍♂,135,154,167
⛹🏼‍♂️,162,181,187
⛹🏼‍♂,162,181,187
⛹🏽‍♂️,148,164,172
⛹🏽‍♂,148,164,172
🙇‍♂️,163,183,137
🙇‍♂,163,183,137
🙇🏿‍♂️,57,105,129
🙇🏿‍♂,57,105,129
🙇🏻‍♂️,112,157,175
🙇🏻‍♂,112,157,175
🙇🏾‍♂️,85,126,151
🙇🏾‍♂,85,126,151
🙇🏼‍♂️,161,202,205
🙇🏼‍♂,161,202,205
🙇🏽‍♂️,110,143,161
🙇🏽‍♂,110,143,161
🤸‍♂️,175,181,141
🤸‍♂,175,181,141
🤸🏿‍♂️,104,121,139
🤸🏿‍♂,104,121,139
🤸🏻‍♂️,168,182,192
🤸🏻‍♂,168,182,192
🤸🏾‍♂️,129,140,156
🤸🏾‍♂,129,140,156
🤸🏼‍♂️,169,180,188
🤸🏼‍♂,169,180,188
🤸🏽‍♂️,148,155,166
🤸🏽‍♂,148,155,166
🧗‍♂️,182,186,175
🧗‍♂,182,186,175
🧗🏿‍♂️,162,170,174
🧗🏿‍♂,162,170,174
🧗🏻‍♂️,181,187,189
🧗🏻‍♂,181,187,189
🧗🏾‍♂️,169,175,179
🧗🏾‍♂,169,175,179
🧗🏼‍♂️,180,185,187
🧗🏼‍♂,180,185,187
🧗🏽‍♂️,175,179,182
🧗🏽‍♂,175,179,182
👷‍♂️,207,192,116
👷‍♂,207,192,116
👷🏿‍♂️,171,162,116
👷🏿‍♂,171,162,116
👷🏻‍♂️,206,195,144
👷🏻‍♂,206,195,144
👷🏾‍♂️,184,172,125
👷🏾‍♂,184,172,125
👷🏼‍♂️,203,191,140
👷🏼‍♂,203,191,140
👷🏽‍♂️,194,180,130
👷🏽‍♂,194,180,130
👨‍🍳,240,208,177
👨🏿‍🍳,200,176,176
👨🏻‍🍳,236,210,205
👨🏾‍🍳,215,187,185
👨🏼‍🍳,236,208,202
👨🏽‍🍳,225,195,191
👨‍🦱,243,181,63
🕺,115,162,178
🕺🏿,89,141,177
🕺🏻,109,160,193
🕺🏾,97,147,183
🕺🏼,113,163,195
🕺🏽,104,152,186
👨🏿,74,53,54
👨🏿‍🦲,94,66,68
🧔🏿‍♂️,62,46,47
🧔🏿‍♂,62,46,47
👱🏿‍♂️,133,111,97
👱🏿‍♂,133,111,97
👨🏿‍🦱,73,53,54
👨🏿‍🦰,128,77,68
👨🏿‍🦳,138,116,120
🕵️‍♂️,148,125,130
🕵‍♂️,148,125,130
🕵️‍♂,148,125,130
🕵‍♂,148,125,130
🕵🏿‍♂️,110,94,130
🕵🏿‍♂,110,94,130
🕵🏻‍♂️,147,129,160
🕵🏻‍♂,147,129,160
🕵🏾‍♂️,124,104,139
🕵🏾‍♂,124,104,139
🕵🏼‍♂️,144,124,155
🕵🏼‍♂,144,124,155
🕵🏽‍♂️,135,113,145
🕵🏽‍♂,135,113,145
🧝‍♂️,162,152,106
🧝‍♂,162,152,106
🧝🏿‍♂️,85,94,102
🧝🏿‍♂,85,94,102
🧝🏻‍♂️,130,136,139
🧝🏻‍♂,130,136,139
🧝🏾‍♂️,107,110,118
🧝🏾‍♂,107,110,118
🧝🏼‍♂️,159,162,156
🧝🏼‍♂,159,162,156
🧝🏽‍♂️,125,123,126
🧝🏽‍♂,125,123,126
🤦‍♂️,166,174,117
🤦‍♂,166,174,117
🤦🏿‍♂️,56,95,117
🤦🏿‍♂,56,95,117
🤦🏻‍♂️,139,170,180
🤦🏻‍♂,139,170,180
🤦🏾‍♂️,92,122,142
🤦🏾‍♂,92,122,142
🤦🏼‍♂️,162,189,192
🤦🏼‍♂,162,189,192
🤦🏽‍♂️,120,142,155
🤦🏽‍♂,120,142,155
👨‍🏭,104,149,158
👨🏿‍🏭,63,116,157
👨🏻‍🏭,100,151,187
👨🏾‍🏭,78,126,167
👨🏼‍🏭,99,148,183
👨🏽‍🏭,89,135,172
🧚‍♂️,175,193,161
🧚‍♂,175,193,161
🧚🏿‍♂️,115,150,168
🧚🏿‍♂,115,150,168
🧚🏻‍♂️,168,199,209
🧚🏻‍♂,168,199,209
🧚🏾‍♂️,138,167,183
🧚🏾‍♂,138,167,183
🧚🏼‍♂️,170,199,208
🧚🏼‍♂,170,199,208
🧚🏽‍♂️,153,179,191
🧚🏽‍♂,153,179,191
👨‍🌾,122,162,127
👨🏿‍🌾,82,130,127
👨🏻‍🌾,118,164,156
👨🏾‍🌾,96,140,136
👨🏼‍🌾,117,161,153
👨🏽‍🌾,107,149,142
👨‍🍼,133,193,135
👨🏿‍🍼,54,134,136
👨🏻‍🍼,112,187,181
👨🏾‍🍼,80,153,153
👨🏼‍🍼,127,199,188
👨🏽‍🍼,99,166,161
👨‍🚒,212,101,91
👨🏿‍🚒,183,78,91
👨🏻‍🚒,209,102,111
👨🏾‍🚒,194,85,97
👨🏼‍🚒,209,100,109
👨🏽‍🚒,201,91,101
🙍‍♂️,168,181,123
🙍‍♂,168,181,123
🙍🏿‍♂️,56,95,118
🙍🏿‍♂,56,95,118
🙍🏻‍♂️,131,165,179
🙍🏻‍♂,131,165,179
🙍🏾‍♂️,91,120,142
🙍🏾‍♂,91,120,142
🙍🏼‍♂️,161,191,194
🙍🏼‍♂,161,191,194
🙍🏽‍♂️,118,140,155
🙍🏽‍♂,118,140,155
🧞‍♂️,153,122,157
🧞‍♂,153,122,157
🙅‍♂️,126,172,152
🙅‍♂,126,172,152
🙅🏿‍♂️,46,110,148
🙅🏿‍♂,46,110,148
🙅🏻‍♂️,101,162,193
🙅🏻‍♂,101,162,193
🙅🏾‍♂️,71,128,165
🙅🏾‍♂,71,128,165
🙅🏼‍♂️,122,179,203
🙅🏼‍♂,122,179,203
🙅🏽‍♂️,91,143,175
🙅🏽‍♂,91,143,175
🙆‍♂️,115,180,168
🙆‍♂,115,180,168
🙆🏿‍♂️,48,127,166
🙆🏿‍♂,48,127,166
🙆🏻‍♂️,98,174,206
🙆🏻‍♂,98,174,206
🙆🏾‍♂️,70,143,181
🙆🏾‍♂,70,143,181
🙆🏼‍♂️,110,184,211
🙆🏼‍♂,110,184,211
🙆🏽‍♂️,87,156,189
🙆🏽‍♂,87,156,189
💇‍♂️,143,176,151
💇‍♂,143,176,151
💇🏿‍♂️,67,118,147
💇🏿‍♂,67,118,147
💇🏻‍♂️,118,165,189
💇🏻‍♂,118,165,189
💇🏾‍♂️,90,135,164
💇🏾‍♂,90,135,164
💇🏼‍♂️,139,184,200
💇🏼‍♂,139,184,200
💇🏽‍♂️,109,148,172
💇🏽‍♂,109,148,172
💆‍♂️,161,169,114
💆‍♂,161,169,114
💆🏿‍♂️,56,93,117
💆🏿‍♂,56,93,117
💆🏻‍♂️,152,179,189
💆🏻‍♂,152,179,189
💆🏾‍♂️,94,121,143
💆🏾‍♂,94,121,143
💆🏼‍♂️,155,179,187
💆🏼‍♂,155,179,187
💆🏽‍♂️,123,143,156
💆🏽‍♂,123,143,156
🏌️‍♂️,151,168,163
🏌‍♂️,151,168,163
🏌️‍♂,151,168,163
🏌‍♂,151,168,163
🏌🏿‍♂️,122,145,164
🏌🏿‍♂,122,145,164
🏌🏻‍♂️,152,172,187
🏌🏻‍♂,152,172,187
🏌🏾‍♂️,133,153,171
🏌🏾‍♂,133,153,171
🏌🏼‍♂️,149,168,183
🏌🏼‍♂,149,168,183
🏌🏽‍♂️,141,160,175
🏌🏽‍♂,141,160,175
💂‍♂️,160,83,92
💂‍♂,160,83,92
💂🏿‍♂️,135,62,93
💂🏿‍♂,135,62,93
💂🏻‍♂️,160,85,112
💂🏻‍♂,160,85,112
💂🏾‍♂️,145,69,99
💂🏾‍♂,145,69,99
💂🏼‍♂️,157,82,109
💂🏼‍♂,157,82,109
💂🏽‍♂️,152,75,102
💂🏽‍♂,152,75,102
👨‍⚕️,210,197,160
👨‍⚕,210,197,160
👨🏿‍⚕️,146,148,157
👨🏿‍⚕,146,148,157
👨🏻‍⚕️,190,189,192
👨🏻‍⚕,190,189,192
👨🏾‍⚕️,166,163,171
👨🏾‍⚕,166,163,171
👨🏼‍⚕️,206,202,200
👨🏼‍⚕,206,202,200
👨🏽‍⚕️,181,174,178
👨🏽‍⚕,181,174,178
🧘‍♂️,199,177,93
🧘‍♂,199,177,93
🧘🏿‍♂️,79,88,101
🧘🏿‍♂,79,88,101
🧘🏻‍♂️,191,191,188
🧘🏻‍♂,191,191,188
🧘🏾‍♂️,124,121,131
🧘🏾‍♂,124,121,131
🧘🏼‍♂️,189,185,181
🧘🏼‍♂,189,185,181
🧘🏽‍♂️,156,146,147
🧘🏽‍♂,156,146,147
👨‍🦽,162,141,142
👨🏿‍🦽,138,123,141
👨🏻‍🦽,154,137,153
👨🏾‍🦽,146,128,146
👨🏼‍🦽,161,144,157
👨🏽‍🦽,151,132,148
👨‍🦼,165,127,138
👨🏿‍🦼,141,110,137
👨🏻‍🦼,156,124,149
👨🏾‍🦼,148,115,142
👨🏼‍🦼,164,130,154
👨🏽‍🦼,154,119,145
🧖‍♂️,187,204,173
🧖‍♂,187,204,173
🧖🏿‍♂️,127,158,173
🧖🏿‍♂,127,158,173
🧖🏻‍♂️,171,198,208
🧖🏻‍♂,171,198,208
🧖🏾‍♂️,147,172,186
🧖🏾‍♂,147,172,186
🧖🏼‍♂️,183,208,213
🧖🏼‍♂,183,208,213
🧖🏽‍♂️,161,183,193
🧖🏽‍♂,161,183,193
🤵‍♂️,154,119,93
🤵‍♂,154,119,93
🤵🏿‍♂️,90,70,90
🤵🏿‍♂,90,70,90
🤵🏻‍♂️,133,110,125
🤵🏻‍♂,133,110,125
🤵🏾‍♂️,110,84,104
🤵🏾‍♂,110,84,104
🤵🏼‍♂️,150,124,134
🤵🏼‍♂,150,124,134
🤵🏽‍♂️,125,95,111
🤵🏽‍♂,125,95,111
👨‍⚖️,131,103,51
👨‍⚖,131,103,51
👨🏿‍⚖️,62,48,48
👨🏿‍⚖,62,48,48
👨🏻‍⚖️,112,96,89
👨🏻‍⚖,112,96,89
👨🏾‍⚖️,84,65,63
👨🏾‍⚖,84,65,63
👨🏼‍⚖️,127,108,95
👨🏼‍⚖,127,108,95
👨🏽‍⚖️,101,78,71
👨🏽‍⚖,101,78,71
🤹‍♂️,200,165,140
🤹‍♂,200,165,140
🤹🏿‍♂️,145,121,138
🤹🏿‍♂,145,121,138
🤹🏻‍♂️,196,168,179
🤹🏻‍♂,196,168,179
🤹🏾‍♂️,165,135,151
🤹🏾‍♂,165,135,151
🤹🏼‍♂️,193,162,173
🤹🏼‍♂,193,162,173
🤹🏽‍♂️,180,147,159
🤹🏽‍♂,180,147,159
🧎‍♂️,168,178,148
🧎‍♂,168,178,148
🧎🏿‍♂️,103,127,144
🧎🏿‍♂,103,127,144
🧎🏻‍♂️,143,166,178
🧎🏻‍♂,143,166,178
🧎🏾‍♂️,122,142,158
🧎🏾‍♂,122,142,158
🧎🏼‍♂️,166,186,191
🧎🏼‍♂,166,186,191
🧎🏽‍♂️,138,153,165
🧎🏽‍♂,138,153,165
🏋️‍♂️,146,152,142
🏋‍♂️,146,152,142
🏋️‍♂,146,152,142
🏋‍♂,146,152,142
🏋🏿‍♂️,100,114,140
🏋🏿‍♂,100,114,140
🏋🏻‍♂️,140,152,173
🏋🏻‍♂,140,152,173
🏋🏾‍♂️,116,126,151
🏋🏾‍♂,116,126,151
🏋🏼‍♂️,143,152,172
🏋🏼‍♂,143,152,172
🏋🏽‍♂️,129,135,157
🏋🏽‍♂,129,135,157
👨🏻,189,161,148
👨🏻‍🦲,239,201,184
🧔🏻‍♂️,150,129,120
🧔🏻‍♂,150,129,120
👱🏻‍♂️,241,212,184
👱🏻‍♂,241,212,184
👨🏻‍🦱,185,157,145
👨🏻‍🦰,236,178,154
👨🏻‍🦳,245,216,205
🧙‍♂️,133,181,186
🧙‍♂,133,181,186
🧙🏿‍♂️,110,162,187
🧙🏿‍♂,110,162,187
🧙🏻‍♂️,133,183,205
🧙🏻‍♂,133,183,205
🧙🏾‍♂️,118,168,192
🧙🏾‍♂,118,168,192
🧙🏼‍♂️,130,180,202
🧙🏼‍♂,130,180,202
🧙🏽‍♂️,125,173,195
🧙🏽‍♂,125,173,195
👨‍🔧,147,176,168
👨🏿‍🔧,103,141,168
👨🏻‍🔧,144,179,200
👨🏾‍🔧,119,152,178
👨🏼‍🔧,142,175,196
👨🏽‍🔧,131,162,184
👨🏾,127,91,91
👨🏾‍🦲,151,107,103
🧔🏾‍♂️,108,81,83
🧔🏾‍♂,108,81,83
👱🏾‍♂️,176,141,124
👱🏾‍♂,176,141,124
👨🏾‍🦱,125,90,90
👨🏾‍🦰,171,108,94
👨🏾‍🦳,179,145,145
👨🏼,235,199,170
👨🏼‍🦲,230,184,166
🧔🏼‍♂️,239,205,169
🧔🏼‍♂,239,205,169
👱🏼‍♂️,235,199,170
👱🏼‍♂,235,199,170
👨🏼‍🦱,235,198,169
👨🏼‍🦰,230,166,141
👨🏼‍🦳,235,201,191
👨🏽,168,122,110
👨🏽‍🦲,193,140,125
🧔🏽‍♂️,142,100,92
🧔🏽‍♂,142,100,92
👱🏽‍♂️,207,166,140
👱🏽‍♂,207,166,140
👨🏽‍🦱,163,117,106
👨🏽‍🦰,202,133,111
👨🏽‍🦳,210,170,161
🚵‍♂️,102,177,124
🚵‍♂,102,177,124
🚵🏿‍♂️,86,164,124
🚵🏿‍♂,86,164,124
🚵🏻‍♂️,101,178,137
🚵🏻‍♂,101,178,137
🚵🏾‍♂️,92,168,128
🚵🏾‍♂,92,168,128
🚵🏼‍♂️,100,177,135
🚵🏼‍♂,100,177,135
🚵🏽‍♂️,96,172,131
🚵🏽‍♂,96,172,131
👨‍💼,160,129,112
👨🏿‍💼,96,80,108
👨🏻‍💼,140,121,144
👨🏾‍💼,116,95,122
👨🏼‍💼,157,135,152
👨🏽‍💼,132,106,130
👨‍✈️,135,104,99
👨‍✈,135,104,99
👨🏿‍✈️,101,77,99
👨🏿‍✈,101,77,99
👨🏻‍✈️,132,106,124
👨🏻‍✈,132,106,124
👨🏾‍✈️,114,85,107
👨🏾‍✈,114,85,107
👨🏼‍✈️,132,104,121
👨🏼‍✈,132,104,121
👨🏽‍✈️,123,93,111
👨🏽‍✈,123,93,111
🤾‍♂️,161,176,156
🤾‍♂,161,176,156
🤾🏿‍♂️,101,129,153
🤾🏿‍♂,101,129,153
🤾🏻‍♂️,146,171,190
🤾🏻‍♂,146,171,190
🤾🏾‍♂️,121,143,166
🤾🏾‍♂,121,143,166
🤾🏼‍♂️,157,180,195
🤾🏼‍♂,157,180,195
🤾🏽‍♂️,136,154,174
🤾🏽‍♂,136,154,174
🤽‍♂️,108,178,173
🤽‍♂,108,178,173
🤽🏿‍♂️,65,142,172
🤽🏿‍♂,65,142,172
🤽🏻‍♂️,107,181,205
🤽🏻‍♂,107,181,205
🤽🏾‍♂️,81,153,182
🤽🏾‍♂,81,153,182
🤽🏼‍♂️,103,176,200
🤽🏼‍♂,103,176,200
🤽🏽‍♂️,93,163,188
🤽🏽‍♂,93,163,188
👮‍♂️,95,167,171
👮‍♂,95,167,171
👮🏿‍♂️,56,135,171
👮🏿‍♂,56,135,171
👮🏻‍♂️,93,169,200
👮🏻‍♂,93,169,200
👮🏾‍♂️,71,145,180
👮🏾‍♂,71,145,180
👮🏼‍♂️,92,166,196
👮🏼‍♂,92,166,196
👮🏽‍♂️,81,154,185
👮🏽‍♂,81,154,185
🙎‍♂️,182,188,120
🙎‍♂,182,188,120
🙎🏿‍♂️,72,102,120
🙎🏿‍♂,72,102,120
🙎🏻‍♂️,160,185,191
🙎🏻‍♂,160,185,191
🙎🏾‍♂️,109,130,145
🙎🏾‍♂,109,130,145
🙎🏼‍♂️,174,194,195
🙎🏼‍♂,174,194,195
🙎🏽‍♂️,137,151,159
🙎🏽‍♂,137,151,159
🙋‍♂️,149,182,143
🙋‍♂,149,182,143
🙋🏿‍♂️,57,110,139
🙋🏿‍♂,57,110,139
🙋🏻‍♂️,126,175,195
🙋🏻‍♂,126,175,195
🙋🏾‍♂️,87,132,159
🙋🏾‍♂,87,132,159
🙋🏼‍♂️,143,187,201
🙋🏼‍♂,143,187,201
🙋🏽‍♂️,110,149,170
🙋🏽‍♂,110,149,170
👨‍🦰,243,171,70
🚣‍♂️,95,186,173
🚣‍♂,95,186,173
🚣🏿‍♂️,82,176,172
🚣🏿‍♂,82,176,172
🚣🏻‍♂️,90,184,179
🚣🏻‍♂,90,184,179
🚣🏾‍♂️,86,179,175
🚣🏾‍♂,86,179,175
🚣🏼‍♂️,94,188,181
🚣🏼‍♂,94,188,181
🚣🏽‍♂️,89,181,176
🚣🏽‍♂,89,181,176
🏃‍♂️,179,181,139
🏃‍♂,179,181,139
🏃🏿‍♂️,102,118,135
🏃🏿‍♂,102,118,135
🏃🏻‍♂️,165,177,186
🏃🏻‍♂,165,177,186
🏃🏾‍♂️,128,137,153
🏃🏾‍♂,128,137,153
🏃🏼‍♂️,174,183,189
🏃🏼‍♂,174,183,189
🏃🏽‍♂️,148,152,163
🏃🏽‍♂,148,152,163
👨‍🔬,224,209,160
👨🏿‍🔬,158,160,160
👨🏻‍🔬,206,203,197
👨🏾‍🔬,180,175,175
👨🏼‍🔬,220,215,204
👨🏽‍🔬,196,187,182
🤷‍♂️,129,183,164
🤷‍♂,129,183,164
🤷🏿‍♂️,58,127,161
🤷🏿‍♂,58,127,161
🤷🏻‍♂️,113,179,206
🤷🏻‍♂,113,179,206
🤷🏾‍♂️,81,144,177
🤷🏾‍♂,81,144,177
🤷🏼‍♂️,124,187,210
🤷🏼‍♂,124,187,210
🤷🏽‍♂️,99,158,186
🤷🏽‍♂,99,158,186
👨‍🎤,162,164,129
👨🏿‍🎤,84,103,128
👨🏻‍🎤,141,157,174
👨🏾‍🎤,109,122,145
👨🏼‍🎤,157,169,181
👨🏽‍🎤,128,136,154
🧍‍♂️,154,176,160
🧍‍♂,154,176,160
🧍🏿‍♂️,108,139,158
🧍🏿‍♂,108,139,158
🧍🏻‍♂️,146,174,189
🧍🏻‍♂,146,174,189
🧍🏾‍♂️,123,150,169
🧍🏾‍♂,123,150,169
🧍🏼‍♂️,151,178,190
🧍🏼‍♂,151,178,190
🧍🏽‍♂️,136,160,175
🧍🏽‍♂,136,160,175
👨‍🎓,97,81,45
👨🏿‍🎓,53,46,44
👨🏻‍🎓,90,80,74
👨🏾‍🎓,69,57,54
👨🏼‍🎓,93,81,73
👨🏽‍🎓,80,65,60
🦸‍♂️,124,137,144
🦸‍♂,124,137,144
🦸🏿‍♂️,76,101,142
🦸🏿‍♂,76,101,142
🦸🏻‍♂️,108,131,168
🦸🏻‍♂,108,131,168
🦸🏾‍♂️,91,112,152
🦸🏾‍♂,91,112,152
🦸🏼‍♂️,122,143,175
🦸🏼‍♂,122,143,175
🦸🏽‍♂️,102,120,158
🦸🏽‍♂,102,120,158
🦹‍♂️,165,104,119
🦹‍♂,165,104,119
🦹🏿‍♂️,126,75,117
🦹🏿‍♂,126,75,117
🦹🏻‍♂️,152,99,138
🦹🏻‍♂,152,99,138
🦹🏾‍♂️,138,83,126
🦹🏾‍♂,138,83,126
🦹🏼‍♂️,163,108,144
🦹🏼‍♂,163,108,144
🦹🏽‍♂️,147,90,130
🦹🏽‍♂,147,90,130
🏄‍♂️,111,170,207
🏄‍♂,111,170,207
🏄🏿‍♂️,91,153,206
🏄🏿‍♂,91,153,206
🏄🏻‍♂️,107,169,220
🏄🏻‍♂,107,169,220
🏄🏾‍♂️,98,158,211
🏄🏾‍♂,98,158,211
🏄🏼‍♂️,110,170,220
🏄🏼‍♂,110,170,220
🏄🏽‍♂️,103,162,214
🏄🏽‍♂,103,162,214
🏊‍♂️,100,164,156
🏊‍♂,100,164,156
🏊🏿‍♂️,46,122,165
🏊🏿‍♂,46,122,165
🏊🏻‍♂️,98,169,205
🏊🏻‍♂,98,169,205
🏊🏾‍♂️,67,137,179
🏊🏾‍♂,67,137,179
🏊🏼‍♂️,94,163,200
🏊🏼‍♂,94,163,200
🏊🏽‍♂️,80,147,184
🏊🏽‍♂,80,147,184
👨‍🏫,162,145,67
👨🏿‍🏫,113,107,65
👨🏻‍🏫,150,142,95
👨🏾‍🏫,129,119,76
👨🏼‍🏫,159,149,98
👨🏽‍🏫,141,128,82
👨‍💻,189,168,126
👨🏿‍💻,130,122,123
👨🏻‍💻,170,160,156
👨🏾‍💻,148,135,136
👨🏼‍💻,185,172,163
👨🏽‍💻,163,146,143
💁‍♂️,156,185,141
💁‍♂,156,185,141
💁🏿‍♂️,61,111,137
💁🏿‍♂,61,111,137
💁🏻‍♂️,129,174,192
💁🏻‍♂,129,174,192
💁🏾‍♂️,91,133,157
💁🏾‍♂,91,133,157
💁🏼‍♂️,150,192,201
💁🏼‍♂,150,192,201
💁🏽‍♂️,115,150,169
💁🏽‍♂,115,150,169
🧛‍♂️,162,100,92
🧛‍♂,162,100,92
🧛🏿‍♂️,127,71,92
🧛🏿‍♂,127,71,92
🧛🏻‍♂️,162,103,120
🧛🏻‍♂,162,103,120
🧛🏾‍♂️,140,80,100
🧛🏾‍♂,140,80,100
🧛🏼‍♂️,158,98,115
🧛🏼‍♂,158,98,115
🧛🏽‍♂️,150,88,106
🧛🏽‍♂,150,88,106
🚶‍♂️,163,172,151
🚶‍♂,163,172,151
🚶🏿‍♂️,112,133,148
🚶🏿‍♂,112,133,148
🚶🏻‍♂️,147,166,177
🚶🏻‍♂,147,166,177
🚶🏾‍♂️,128,144,159
🚶🏾‍♂,128,144,159
🚶🏼‍♂️,160,177,184
🚶🏼‍♂,160,177,184
🚶🏽‍♂️,140,154,165
🚶🏽‍♂,140,154,165
👳‍♂️,240,205,130
👳‍♂,240,205,130
👳🏿‍♂️,144,127,128
👳🏿‍♂,144,127,128
👳🏻‍♂️,234,210,200
👳🏻‍♂,234,210,200
👳🏾‍♂️,180,152,150
👳🏾‍♂,180,152,150
👳🏼‍♂️,229,200,189
👳🏼‍♂,229,200,189
👳🏽‍♂️,206,173,164
👳🏽‍♂,206,173,164
👨‍🦳,245,205,120
👰‍♂️,226,199,148
👰‍♂,226,199,148
👰🏿‍♂️,171,157,150
👰🏿‍♂,171,157,150
👰🏻‍♂️,217,198,185
👰🏻‍♂,217,198,185
👰🏾‍♂️,191,171,162
👰🏾‍♂,191,171,162
👰🏼‍♂️,221,201,185
👰🏼‍♂,221,201,185
👰🏽‍♂️,204,181,168
👰🏽‍♂,204,181,168
👨‍🦯,168,174,160
👨🏿‍🦯,128,142,157
👨🏻‍🦯,156,168,180
👨🏾‍🦯,140,151,166
👨🏼‍🦯,167,178,186
👨🏽‍🦯,150,158,171
🧟‍♂️,59,141,162
🧟‍♂,59,141,162
🥭,234,183,64
🦽,154,102,115
👞,165,111,91
🗾,49,218,134
🍁,240,66,75
🪇,181,171,103
🥋,202,200,208
🧉,157,118,98
🍖,164,118,109
🧑‍🔧,148,177,167
🧑🏿‍🔧,103,140,166
🧑🏻‍🔧,145,179,200
🧑🏾‍🔧,120,152,177
🧑🏼‍🔧,143,176,196
🧑🏽‍🔧,132,162,183
🦾,159,159,159
🦿,169,169,169
🏾,152,106,101
🏼,238,192,172
🏽,199,144,126
📣,250,196,75
🍈,183,196,130
🫠,241,176,76
📝,229,198,196
👬,136,160,145
👬🏿,92,124,143
👨🏿‍🤝‍👨🏻,110,141,158
👨🏿‍🤝‍👨🏾,100,130,149
👨🏿‍🤝‍👨🏼,112,142,158
👨🏿‍🤝‍👨🏽,105,134,152
👬🏻,129,159,173
👨🏻‍🤝‍👨🏿,111,142,159
👨🏻‍🤝‍👨🏾,118,147,164
👨🏻‍🤝‍👨🏼,131,160,174
👨🏻‍🤝‍👨🏽,124,152,167
👬🏾,107,135,153
👨🏾‍🤝‍👨🏿,100,130,149
👨🏾‍🤝‍👨🏻,118,147,163
👨🏾‍🤝‍👨🏼,120,148,164
👨🏾‍🤝‍👨🏽,113,140,157
👬🏼,133,161,173
👨🏼‍🤝‍👨🏿,113,143,159
👨🏼‍🤝‍👨🏻,131,160,174
👨🏼‍🤝‍👨🏾,120,149,164
👨🏼‍🤝‍👨🏽,126,153,167
👬🏽,119,144,159
👨🏽‍🤝‍👨🏿,106,135,152
👨🏽‍🤝‍👨🏻,124,152,166
👨🏽‍🤝‍👨🏾,113,140,157
👨🏽‍🤝‍👨🏼,126,153,167
👯‍♂️,180,145,109
👯‍♂,180,145,109
🤼‍♂️,178,174,129
🤼‍♂,178,174,129
❤️‍🩹,244,150,173
❤‍🩹,244,150,173
🕎,170,140,211
🚹,49,183,240
🧜‍♀️,165,194,100
🧜‍♀,165,194,100
🧜🏿‍♀️,66,119,94
🧜🏿‍♀,66,119,94
🧜🏻‍♀️,124,173,141
🧜🏻‍♀,124,173,141
🧜🏾‍♀️,94,140,115
🧜🏾‍♀,94,140,115
🧜🏼‍♀️,162,208,164
🧜🏼‍♀,162,208,164
🧜🏽‍♀️,118,156,125
🧜🏽‍♀,118,156,125
🧜‍♂️,181,204,105
🧜‍♂,181,204,105
🧜🏿‍♂️,110,145,103
🧜🏿‍♂,110,145,103
🧜🏻‍♂️,173,205,155
🧜🏻‍♂,173,205,155
🧜🏾‍♂️,135,164,120
🧜🏾‍♂,135,164,120
🧜🏼‍♂️,175,204,151
🧜🏼‍♂,175,204,151
🧜🏽‍♂️,154,179,130
🧜🏽‍♂,154,179,130
🧜,168,193,97
🧜🏿,102,140,96
🧜🏻,156,191,140
🧜🏾,125,157,111
🧜🏼,163,195,141
🧜🏽,142,170,120
🚇,121,107,130
🦠,25,235,158
🎤,146,136,153
🔬,175,182,192
🖕,252,200,72
🖕🏿,97,68,70
🖕🏻,254,216,196
🖕🏾,156,112,107
🖕🏼,237,194,174
🖕🏽,200,148,131
🪖,74,141,62
🎖️,199,157,93
🎖,199,157,93
🌌,33,82,133
🚐,137,167,193
➖,140,117,208
🪞,179,221,169
🪩,187,183,191
🗿,177,177,177
📱,105,92,111
📴,255,177,85
🤑,204,163,71
💰,233,186,126
💸,100,214,156
🐒,143,101,87
🐵,177,114,102
🚝,95,169,208
🥮,224,171,114
🎑,125,100,88
🫎,188,133,98
🕌,161,142,113
🦟,172,145,139
🛥️,123,161,198
🛥,123,161,198
🛵,210,69,109
🏍️,171,94,110
🏍,171,94,110
🦼,120,134,184
🛣️,94,153,165
🛣,94,153,165
🗻,110,89,126
⛰️,105,133,92
⛰,105,133,92
🚠,144,137,158
🚞,104,184,138
🐁,216,187,200
🐭,217,179,190
🪤,221,179,127
👄,228,71,115
🎥,122,113,160
✖️,137,114,207
✖,137,114,207
🍄,250,120,103
🎹,165,156,172
🎵,79,59,66
🎶,90,71,78
🎼,163,157,170
🔇,207,166,166
🧑‍🎄,242,177,112
🧑🏿‍🎄,163,111,112
🧑🏻‍🎄,242,184,174
🧑🏾‍🎄,193,133,130
🧑🏼‍🎄,234,173,163
🧑🏽‍🎄,216,151,142
💅,224,174,104
💅🏿,117,84,105
💅🏻,227,187,192
💅🏾,158,115,131
💅🏼,215,172,177
💅🏽,189,140,147
📛,250,88,127
🏞️,49,170,204
🏞,49,170,204
🤢,57,195,126
🧿,71,119,200
👔,103,163,227
🤓,218,156,98
🪺,163,152,119
🪆,229,99,149
😐,241,180,83
🌑,84,57,102
🌚,143,110,185
📰,203,196,210
🌃,97,89,115
🕤,177,173,174
🥷,89,63,86
🥷🏿,74,51,85
🥷🏻,88,64,96
🥷🏾,80,55,88
🥷🏼,87,62,94
🥷🏽,84,58,90
🚳,230,137,136
⛔,249,84,82
🚯,226,133,133
📵,227,134,133
🔞,215,122,121
🚷,220,127,126
🚭,234,142,141
🚱,226,133,132
👃,253,201,76
👃🏿,97,69,70
👃🏻,247,211,193
👃🏾,155,111,107
👃🏼,236,193,173
👃🏽,198,147,131
📓,104,78,121
📔,109,83,129
🔩,189,180,197
🐙,247,123,98
🍢,200,160,150
🏢,180,192,201
🧑‍💼,161,130,110
🧑🏿‍💼,94,78,107
🧑🏻‍💼,138,119,142
🧑🏾‍💼,115,93,121
🧑🏼‍💼,158,137,153
🧑🏽‍💼,131,105,128
👹,167,84,114
🛢️,22,161,220
🛢,22,161,220
🗝️,250,198,86
🗝,250,198,86
👴,235,187,80
👴🏿,104,79,80
👴🏻,236,201,184
👴🏾,154,115,111
👴🏼,222,182,166
👴🏽,191,144,131
👵,213,177,97
👵🏿,115,96,97
👵🏻,212,186,174
👵🏾,152,122,120
👵🏼,202,172,160
👵🏽,180,144,134
🧓,221,182,95
🧓🏿,115,95,96
🧓🏻,220,192,179
🧓🏾,155,123,120
🧓🏼,209,177,164
🧓🏽,185,147,136
🫒,98,145,41
🕉️,164,133,209
🕉,164,133,209
🚘,155,135,145
🚍,131,165,166
👊,249,192,62
👊🏿,90,60,62
👊🏻,253,212,191
👊🏾,150,105,101
👊🏼,235,189,169
👊🏽,196,142,125
🚔,92,129,142
🚖,186,187,122
🩱,232,42,157
🕜,177,173,175
🧅,239,173,101
📖,186,209,231
📂,252,203,66
👐,251,198,72
👐🏿,98,69,71
👐🏻,253,215,195
👐🏾,156,112,108
👐🏼,237,193,174
👐🏽,200,148,131
📭,101,111,179
📬,138,152,215
💿,204,197,210
📙,233,98,59
🧡,248,112,49
🦧,204,118,66
☦️,156,122,205
☦,156,122,205
🦦,177,123,98
📤,143,171,203
🦉,173,135,98
🐂,169,118,96
🦪,189,164,137
📦,232,178,112
📄,225,219,231
📃,221,215,227
📟,65,151,110
🖌️,247,121,113
🖌,247,121,113
🫳,249,194,69
🫳🏿,97,68,70
🫳🏻,252,214,193
🫳🏾,154,112,107
🫳🏼,235,192,172
🫳🏽,198,147,130
🌴,128,156,67
🫴,249,194,71
🫴🏿,98,70,72
🫴🏻,252,214,194
🫴🏾,155,113,109
🫴🏼,236,192,173
🫴🏽,199,148,132
🤲,249,193,65
🤲🏿,93,63,65
🤲🏻,253,213,192
🤲🏾,152,108,103
🤲🏼,235,190,171
🤲🏽,197,144,127
🥞,209,165,99
🐼,184,181,197
📎,177,174,175
🪂,173,178,140
🦜,227,94,133
🎉,149,134,161
🥳,203,149,93
🛳️,152,173,205
🛳,152,173,205
🛂,68,189,241
🐾,130,122,169
🫛,106,181,90
🍑,227,145,64
🦚,62,203,136
🥜,238,172,101
🍐,185,238,77
🖊️,75,145,170
🖊,75,145,170
✏️,249,138,94
✏,249,138,94
🐧,190,169,180
😔,238,167,55
🧑‍🤝‍🧑,198,144,95
🧑🏿‍🤝‍🧑🏿,152,108,94
🧑🏿‍🤝‍🧑🏻,170,125,108
🧑🏿‍🤝‍🧑🏾,160,113,99
🧑🏿‍🤝‍🧑🏼,173,127,109
🧑🏿‍🤝‍🧑🏽,166,118,101
🧑🏻‍🤝‍🧑🏻,189,142,123
🧑🏻‍🤝‍🧑🏿,171,125,109
🧑🏻‍🤝‍🧑🏾,179,131,114
🧑🏻‍🤝‍🧑🏼,192,144,124
🧑🏻‍🤝‍🧑🏽,184,135,116
🧑🏾‍🤝‍🧑🏾,168,119,104
🧑🏾‍🤝‍🧑🏿,160,114,99
🧑🏾‍🤝‍🧑🏻,178,130,113
🧑🏾‍🤝‍🧑🏼,181,132,114
🧑🏾‍🤝‍🧑🏽,173,123,107
🧑🏼‍🤝‍🧑🏼,195,146,125
🧑🏼‍🤝‍🧑🏿,174,127,109
🧑🏼‍🤝‍🧑🏻,192,144,124
🧑🏼‍🤝‍🧑🏾,181,133,114
🧑🏼‍🤝‍🧑🏽,187,137,117
🧑🏽‍🤝‍🧑🏽,179,128,110
🧑🏽‍🤝‍🧑🏿,166,118,102
🧑🏽‍🤝‍🧑🏻,184,135,116
🧑🏽‍🤝‍🧑🏾,174,124,107
🧑🏽‍🤝‍🧑🏼,187,137,117
🫂,115,82,150
👯,180,144,108
🤼,233,165,83
🎭,140,183,162
😣,235,165,56
🧑,245,185,63
🧑‍🦲,248,194,71
🧔,241,174,59
🚴,197,166,144
🚴🏿,168,141,145
🚴🏻,195,167,167
🚴🏾,179,149,151
🚴🏼,194,165,164
🚴🏽,187,156,155
👱,249,208,104
⛹️,230,166,102
⛹,230,166,102
⛹🏿,179,127,107
⛹🏻,224,168,142
⛹🏾,198,140,119
⛹🏼,224,167,140
⛹🏽,210,149,124
🙇,243,160,59
🙇🏿,137,82,52
🙇🏻,191,134,97
🙇🏾,165,103,74
🙇🏼,241,179,127
🙇🏽,189,120,84
🤸,224,169,102
🤸🏿,153,109,100
🤸🏻,217,170,153
🤸🏾,178,128,117
🤸🏼,218,168,149
🤸🏽,198,143,127
🧗,191,184,166
🧗🏿,171,167,166
🧗🏻,190,185,181
🧗🏾,178,172,170
🧗🏼,189,183,179
🧗🏽,184,177,173
🧑‍🦱,243,178,58
🧑🏿,73,52,54
🧑🏿‍🦲,96,67,69
🧔🏿,63,47,48
👱🏿,140,118,103
🧑🏿‍🦱,65,47,48
🧑🏿‍🦰,134,80,69
🧑🏿‍🦳,139,117,122
🤦,244,152,41
🤦🏿,133,72,41
🤦🏻,215,145,103
🤦🏾,169,98,66
🤦🏼,241,169,118
🤦🏽,197,118,79
🧑‍🍼,203,173,62
🧑🏿‍🍼,124,112,63
🧑🏻‍🍼,181,165,108
🧑🏾‍🍼,150,131,80
🧑🏼‍🍼,198,179,116
🧑🏽‍🍼,169,145,89
🤺,179,178,183
🙍,249,162,59
🙍🏿,135,75,55
🙍🏻,213,147,117
🙍🏾,170,101,79
🙍🏼,243,173,133
🙍🏽,198,121,92
🙅,249,153,49
🙅🏿,167,89,45
🙅🏻,223,142,91
🙅🏾,192,108,63
🙅🏼,245,161,102
🙅🏽,212,123,72
🙆,251,147,60
🙆🏿,183,93,58
🙆🏻,233,140,99
🙆🏾,205,109,73
🙆🏼,247,152,105
🙆🏽,222,122,81
💇,249,150,67
💇🏿,172,92,64
💇🏻,222,139,105
💇🏾,195,109,80
💇🏼,245,159,117
💇🏽,214,122,89
💆,243,150,50
💆🏿,137,73,53
💆🏻,233,159,125
💆🏾,175,101,78
💆🏼,238,161,124
💆🏽,204,123,92
🏌️,202,159,122
🏌,202,159,122
🏌🏿,172,136,123
🏌🏻,202,163,146
🏌🏾,183,144,130
🏌🏼,200,160,143
🏌🏽,192,151,135
🛌,77,115,163
🛌🏿,61,103,162
🛌🏻,69,110,169
🛌🏾,65,106,166
🛌🏼,78,118,174
🛌🏽,69,109,167
🧘,242,167,57
🧘🏿,121,76,66
🧘🏻,233,179,153
🧘🏾,166,110,96
🧘🏼,233,175,147
🧘🏽,199,134,111
🧑‍🦽,182,135,124
🧑🏿‍🦽,158,117,123
🧑🏻‍🦽,174,132,135
🧑🏾‍🦽,165,123,128
🧑🏼‍🦽,181,138,139
🧑🏽‍🦽,171,127,131
🧑‍🦼,179,124,125
🧑🏿‍🦼,154,105,124
🧑🏻‍🦼,169,120,136
🧑🏾‍🦼,161,111,129
🧑🏼‍🦼,178,128,141
🧑🏽‍🦼,167,115,131
🧖,245,186,113
🧖🏿,183,139,113
🧖🏻,227,180,148
🧖🏾,203,154,127
🧖🏼,241,191,155
🧖🏽,218,164,133
🕴️,130,102,129
🕴,130,102,129
🕴🏿,116,91,129
🕴🏻,128,102,139
🕴🏾,121,94,132
🕴🏼,129,102,138
🕴🏽,124,97,134
🤵,155,119,91
🤵🏿,88,68,88
🤵🏻,131,108,123
🤵🏾,108,83,102
🤵🏼,152,126,135
🤵🏽,124,94,110
🤹,200,166,139
🤹🏿,146,121,139
🤹🏻,197,169,179
🤹🏾,166,136,151
🤹🏼,195,165,175
🤹🏽,181,147,159
🧎,217,165,106
🧎🏿,153,116,102
🧎🏻,193,154,135
🧎🏾,172,130,116
🧎🏼,214,173,147
🧎🏽,187,141,122
🏋️,192,141,106
🏋,192,141,106
🏋🏿,145,102,104
🏋🏻,186,141,137
🏋🏾,162,114,115
🏋🏼,188,141,136
🏋🏽,174,124,121
🧑🏻,187,159,146
🧑🏻‍🦲,244,206,188
🧔🏻,151,130,121
👱🏻,246,216,187
🧑🏻‍🦱,167,143,132
🧑🏻‍🦰,240,179,154
🧑🏻‍🦳,244,214,205
🧑🏾,125,91,90
🧑🏾‍🦲,153,108,104
🧔🏾,109,82,84
👱🏾,181,147,128
🧑🏾‍🦱,115,84,85
🧑🏾‍🦰,175,109,94
🧑🏾‍🦳,179,145,146
🧑🏼,237,203,173
🧑🏼‍🦲,231,186,168
🧔🏼,240,208,171
👱🏼,237,203,173
🧑🏼‍🦱,239,205,171
🧑🏼‍🦰,231,165,140
🧑🏼‍🦳,233,200,190
🧑🏽,167,121,110
🧑🏽‍🦲,195,142,127
🧔🏽,144,102,93
👱🏽,211,171,144
🧑🏽‍🦱,153,108,98
🧑🏽‍🦰,205,134,111
🧑🏽‍🦳,209,169,162
🚵,109,176,119
🚵🏿,92,162,119
🚵🏻,108,177,132
🚵🏾,98,167,123
🚵🏼,107,176,130
🚵🏽,103,170,125
🤾,225,166,105
🤾🏿,166,119,102
🤾🏻,211,162,139
🤾🏾,185,133,116
🤾🏼,221,170,143
🤾🏽,200,145,123
🤽,139,171,149
🤽🏿,95,134,148
🤽🏻,138,174,182
🤽🏾,112,146,158
🤽🏼,134,169,177
🤽🏽,124,156,165
🙎,250,167,48
🙎🏿,140,82,48
🙎🏻,226,163,117
🙎🏾,176,109,73
🙎🏼,242,175,123
🙎🏽,205,130,87
🙋,250,158,62
🙋🏿,156,84,58
🙋🏻,225,148,114
🙋🏾,186,106,79
🙋🏼,245,165,123
🙋🏽,210,123,90
🧑‍🦰,243,170,71
🚣,106,183,162
🚣🏿,93,173,162
🚣🏻,101,181,169
🚣🏾,96,176,164
🚣🏼,105,184,171
🚣🏽,100,178,166
🏃,226,172,100
🏃🏿,148,108,97
🏃🏻,211,168,148
🏃🏾,174,128,114
🏃🏼,221,175,150
🏃🏽,194,143,124
🤷,252,154,67
🤷🏿,179,96,65
🤷🏻,234,148,109
🤷🏾,203,114,81
🤷🏼,247,158,114
🤷🏽,221,127,89
🧍,215,162,112
🧍🏿,169,124,111
🧍🏻,206,160,141
🧍🏾,184,136,121
🧍🏼,212,164,142
🧍🏽,196,145,127
🏄,183,157,153
🏄🏿,163,141,152
🏄🏻,179,156,165
🏄🏾,170,146,156
🏄🏼,182,158,166
🏄🏽,175,150,159
🏊,115,159,149
🏊🏿,58,116,158
🏊🏻,111,165,198
🏊🏾,80,132,171
🏊🏼,108,159,193
🏊🏽,94,142,177
🛀,214,209,207
🛀🏿,191,192,205
🛀🏻,204,204,216
🛀🏾,214,210,207
🛀🏼,214,213,222
🛀🏽,203,200,212
💁,249,159,55
💁🏿,155,86,51
💁🏻,222,148,105
💁🏾,185,108,72
💁🏼,244,167,117
💁🏽,208,125,83
🚶,207,162,114
🚶🏿,156,122,111
🚶🏻,191,155,140
🚶🏾,172,134,122
🚶🏼,204,166,147
🚶🏽,184,143,128
👳,241,207,132
👳🏿,148,130,131
👳🏻,238,214,203
👳🏾,183,155,152
👳🏼,231,202,191
👳🏽,208,175,166
🧑‍🦳,244,205,122
🫅,247,165,67
🫅🏿,209,135,67
🫅🏻,245,168,95
🫅🏾,223,144,76
🫅🏼,243,164,91
🫅🏽,234,152,81
👲,189,86,77
👲🏿,144,50,76
👲🏻,184,87,108
👲🏾,160,61,86
👲🏼,185,85,105
👲🏽,172,71,92
👰,227,199,147
👰🏿,170,155,148
👰🏻,215,197,184
👰🏾,189,169,161
👰🏼,222,202,186
👰🏽,204,180,167
🧑‍🦯,206,164,127
🧑🏿‍🦯,164,131,124
🧑🏻‍🦯,193,158,148
🧑🏾‍🦯,177,141,133
🧑🏼‍🦯,204,168,153
🧑🏽‍🦯,187,148,138
🧫,84,193,237
⛏️,170,146,148
⛏,170,146,148
🛻,183,87,96
🥧,229,179,115
🐖,253,145,145
🐷,249,149,147
🐽,208,118,119
💩,189,122,108
💊,250,144,74
🧑‍✈️,136,105,99
🧑‍✈,136,105,99
🧑🏿‍✈️,100,76,98
🧑🏿‍✈,100,76,98
🧑🏻‍✈️,131,105,123
🧑🏻‍✈,131,105,123
🧑🏾‍✈️,113,85,106
🧑🏾‍✈,113,85,106
🧑🏼‍✈️,133,105,122
🧑🏼‍✈,133,105,122
🧑🏽‍✈️,122,92,111
🧑🏽‍✈,122,92,111
🤌,251,198,70
🤌🏿,96,67,69
🤌🏻,253,215,195
🤌🏾,155,111,106
🤌🏼,237,193,173
🤌🏽,199,147,130
🤏,250,194,66
🤏🏿,94,64,66
🤏🏻,253,213,193
🤏🏾,153,109,104
🤏🏼,236,191,171
🤏🏽,198,145,128
🎍,153,170,87
🍍,223,180,96
🏓,233,104,138
🩷,250,114,162
🏴‍☠️,81,61,94
🏴‍☠,81,61,94
🍕,248,178,85
🪅,183,128,130
🪧,212,192,192
🛐,160,127,206
🛝,190,135,164
🥺,224,164,71
🪠,249,116,111
➕,138,114,207
🐻‍❄️,213,212,212
🐻‍❄,213,212,212
🚓,121,147,162
🚨,237,138,123
👮,96,167,170
👮🏿,56,134,170
👮🏻,92,168,198
👮🏾,70,145,179
👮🏼,93,167,197
👮🏽,81,153,184
🐩,193,193,193
🎱,106,101,135
🍿,248,155,120
🏤,186,168,171
📯,251,194,95
📮,225,85,125
🍲,214,161,142
🚰,52,184,240
🥔,241,175,103
🪴,197,196,107
🍗,212,156,103
💷,171,153,189
🫗,148,219,253
😾,245,168,61
📿,254,193,132
🫃,146,181,145
🫃🏿,57,111,141
🫃🏻,126,176,198
🫃🏾,87,132,161
🫃🏼,139,185,201
🫃🏽,109,149,172
🫄,250,156,62
🫄🏿,161,84,58
🫄🏻,230,149,115
🫄🏾,190,106,78
🫄🏼,244,160,120
🫄🏽,213,123,89
🤰,204,153,119
🤰🏿,103,76,112
🤰🏻,164,134,163
🤰🏾,132,98,134
🤰🏼,200,166,184
🤰🏽,156,115,144
🥨,251,185,79
🤴,182,190,133
🤴🏿,145,160,133
🤴🏻,180,193,161
🤴🏾,159,170,141
🤴🏼,178,189,157
🤴🏽,169,178,146
👸,198,146,109
👸🏿,119,87,107
👸🏻,165,130,143
👸🏾,142,104,123
👸🏼,196,158,162
👸🏽,160,116,131
🖨️,148,143,168
🖨,148,143,168
🚫,251,158,157
💜,142,105,198
👛,247,43,138
📌,235,81,93
🧩,202,237,95
🐇,232,227,227
🐰,202,187,202
🦝,154,154,154
🏎️,181,109,116
🏎,181,109,116
📻,145,151,157
☢️,168,120,40
☢,168,120,40
🚃,150,181,112
🛤️,73,182,163
🛤,73,182,163
🌈,182,152,118
🏳️‍🌈,158,156,129
🏳‍🌈,158,156,129
🤚,251,197,67
🤚🏿,94,64,66
🤚🏻,253,214,194
🤚🏾,153,109,104
🤚🏼,236,192,172
🤚🏽,198,145,128
✊,247,190,63
✊🏿,91,63,64
✊🏻,252,212,190
✊🏾,151,107,103
✊🏼,234,189,169
✊🏽,196,143,126
✋,245,187,60
✋🏿,94,65,67
✋🏻,253,214,193
✋🏾,153,109,104
✋🏼,236,191,172
✋🏽,198,145,128
🙌,244,198,85
🙌🏿,102,79,84
🙌🏻,246,214,199
🙌🏾,156,119,118
🙌🏼,231,194,179
🙌🏽,197,152,140
🐏,213,191,185
🐀,137,115,115
🪒,120,157,250
🧾,195,195,195
🍎,229,71,61
🧧,242,55,56
🦰,249,178,70
❤️,240,59,67
❤,240,59,67
🏮,217,86,80
🔻,248,76,74
🔺,248,76,74
®️,146,124,210
®,146,124,210
😌,235,165,56
🎗️,251,206,78
🎗,251,206,78
⛑️,225,74,93
⛑,225,74,93
🚻,77,192,242
💞,249,74,116
🦏,158,158,158
🎀,232,50,71
🍙,181,173,186
🍘,198,146,111
🤜,251,196,65
🤜🏿,91,62,63
🤜🏻,253,214,193
🤜🏾,152,107,102
🤜🏼,236,191,171
🤜🏽,198,143,126
🗯️,237,237,237
🗯,237,237,237
🫱,250,194,65
🫱🏿,92,63,65
🫱🏻,253,213,192
🫱🏾,152,107,103
🫱🏼,236,191,171
🫱🏽,197,144,127
🫸,205,147,142
🫸🏿,112,69,142
🫸🏻,207,158,218
🫸🏾,147,95,164
🫸🏼,197,145,205
🫸🏽,174,117,179
💍,161,189,208
🛟,239,147,171
🪐,252,186,110
🍠,250,98,78
🤖,163,140,147
🪨,172,172,172
🚀,223,139,161
🧻,215,213,213
🗞️,207,202,212
🗞,207,202,212
🎢,213,164,154
🛼,187,69,110
🤣,213,143,97
🐓,157,120,70
🌹,219,102,71
🏵️,254,155,59
🏵,254,155,59
📍,244,73,167
🏉,251,164,59
🎽,106,161,44
👟,171,170,177
😥,224,171,98
🧷,200,193,207
🦺,240,115,78
⛵,161,188,164
🍶,185,189,211
🧂,201,219,232
🫡,241,175,78
🥪,215,191,122
🥻,132,201,159
🛰️,158,149,184
🛰,158,149,184
📡,183,187,195
🦕,30,206,122
🎷,237,195,87
🧣,230,50,73
🏫,214,188,149
🧑‍🔬,236,205,148
🧑🏿‍🔬,167,154,148
🧑🏻‍🔬,215,198,186
🧑🏾‍🔬,189,170,163
🧑🏼‍🔬,232,213,195
🧑🏽‍🔬,206,182,171
✂️,229,121,120
✂,229,121,120
🦂,130,97,87
🪛,231,75,152
📜,248,209,152
🦭,169,169,169
💺,76,162,205
🙈,169,112,96
🌱,138,167,72
🤳,215,103,118
🤳🏿,186,78,117
🤳🏻,215,106,141
🤳🏾,197,86,124
🤳🏼,212,102,137
🤳🏽,205,93,129
🐕‍🦺,206,151,114
🕢,177,173,175
🪡,153,176,215
🫨,240,190,123
🥘,152,130,115
☘️,138,213,60
☘,138,213,60
🦈,178,178,178
🍧,187,171,212
🌾,181,191,100
🛡️,122,203,243
🛡,122,203,243
⛩️,188,95,77
⛩,188,95,77
🚢,167,138,177
🌠,144,113,86
🛍️,89,165,172
🛍,89,165,172
🛒,171,177,181
🍰,237,179,114
🩳,103,246,169
🚿,166,171,196
🦐,249,98,72
🤫,247,179,85
🤘,249,192,63
🤘🏿,91,62,64
🤘🏻,252,212,191
🤘🏾,151,107,102
🤘🏼,235,190,170
🤘🏽,197,143,126
🧑‍🎤,221,148,82
🧑🏿‍🎤,143,89,82
🧑🏻‍🎤,199,141,126
🧑🏾‍🎤,168,107,99
🧑🏼‍🎤,216,155,134
🧑🏽‍🎤,187,121,107
🕡,178,176,176
🛹,127,109,148
⛷️,176,160,145
⛷,176,160,145
🎿,113,162,171
💀,206,202,204
☠️,188,188,188
☠,188,188,188
🦨,125,125,125
🛷,241,158,119
😴,225,170,72
😪,228,162,72
🙁,240,179,83
🙂,240,179,83
🎰,179,166,184
🦥,221,175,116
🛩️,222,141,170
🛩,222,141,170
🔹,37,136,196
🔸,255,125,67
😻,244,145,68
☺️,233,160,55
☺,233,160,55
😇,204,154,88
😍,242,110,103
🥰,236,131,77
😈,159,100,184
🤗,237,152,55
😊,236,162,55
😎,179,127,83
🥲,236,178,90
😏,239,175,72
🐌,181,126,87
🐍,44,212,119
🤧,237,182,94
🏔️,109,149,106
🏔,109,149,106
🏂,177,194,205
🏂🏿,177,194,205
🏂🏻,177,194,205
🏂🏾,177,194,205
🏂🏼,177,194,205
🏂🏽,177,194,205
❄️,59,186,240
❄,59,186,240
☃️,180,204,223
☃,180,204,223
⛄,187,204,221
🧼,249,148,215
⚽,163,179,237
🧦,139,158,189
🍦,246,203,147
🥎,195,219,69
♠️,110,101,155
♠,110,101,155
🍝,228,182,132
❇️,55,219,138
❇,55,219,138
🎇,117,88,104
✨,249,202,86
💖,249,80,101
🙊,175,118,101
🔊,192,198,219
🔈,201,193,209
🔉,197,195,213
🗣️,97,70,115
🗣,97,70,115
💬,239,239,239
🚤,127,172,180
🕷️,129,121,168
🕷,129,121,168
🕸️,188,181,195
🕸,188,181,195
🗓️,177,198,222
🗓,177,198,222
🗒️,220,214,225
🗒,220,214,225
🐚,181,181,181
🧽,248,184,86
🥄,149,149,149
🚙,101,155,212
🏅,210,164,98
🐳,80,196,244
🦑,221,54,151
😝,240,153,73
🏟️,137,122,120
🏟,137,122,120
⭐,252,215,75
🤩,227,122,97
☪️,161,128,207
☪,161,128,207
✡️,162,130,208
✡,162,130,208
🚉,121,169,182
🍜,240,98,91
🩺,108,142,194
🛑,238,99,97
⏱️,196,189,189
⏱,196,189,189
📏,192,189,195
🍓,175,97,72
🧑‍🎓,99,82,45
🧑🏿‍🎓,53,46,44
🧑🏻‍🎓,91,80,74
🧑🏾‍🎓,69,57,54
🧑🏼‍🎓,95,83,75
🧑🏽‍🎓,81,66,60
🎙️,170,164,176
🎙,170,164,176
🥙,208,183,103
☀️,253,185,66
☀,253,185,66
⛅,241,217,193
🌥️,239,223,213
🌥,239,223,213
🌦️,218,210,224
🌦,218,210,224
🌤️,244,202,147
🌤,244,202,147
🌞,237,175,68
🌻,188,171,76
🕶️,93,77,116
🕶,93,77,116
🌅,199,153,138
🌄,151,132,89
🌇,157,108,106
🦸,126,136,141
🦸🏿,76,98,139
🦸🏻,106,127,164
🦸🏾,91,109,149
🦸🏼,124,143,174
🦸🏽,102,118,155
🦹,165,103,119
🦹🏿,125,74,117
🦹🏻,150,96,136
🦹🏾,137,82,125
🦹🏼,163,109,144
🦹🏽,146,89,129
🍣,248,152,132
🚟,125,179,195
🦢,229,227,226
💦,66,199,248
🕍,175,138,94
💉,162,206,246
👕,138,215,60
🌮,213,173,61
🥡,206,192,192
🫔,233,190,94
🎋,125,161,95
🍊,233,144,64
🚕,171,167,108
🧑‍🏫,162,145,67
🧑🏿‍🏫,113,106,65
🧑🏻‍🏫,149,141,94
🧑🏾‍🏫,129,118,76
🧑🏼‍🏫,160,149,99
🧑🏽‍🏫,141,127,82
🍵,172,173,169
🫖,240,61,67
📆,172,196,222
🧑‍💻,189,167,124
🧑🏿‍💻,128,120,121
🧑🏻‍💻,169,158,154
🧑🏾‍💻,147,134,134
🧑🏼‍💻,186,174,164
🧑🏽‍💻,161,145,141
🧸,229,169,103
☎️,220,53,100
☎,220,53,100
📞,235,66,86
🔭,168,165,198
📺,139,157,176
🕥,177,173,174
🎾,218,157,148
⛺,137,189,55
🧪,184,229,139
🌡️,230,148,147
🌡,230,148,147
🤔,239,170,80
🩴,118,153,220
💭,227,218,237
🧵,151,166,184
🕞,177,173,174
👎,250,194,67
👎🏿,94,65,67
👎🏻,253,213,193
👎🏾,153,109,104
👎🏼,236,191,171
👎🏽,198,145,128
👍,250,194,66
👍🏿,94,65,67
👍🏻,253,213,193
👍🏾,153,109,104
👍🏼,236,191,171
👍🏽,198,145,128
🎫,244,191,72
🐅,224,137,78
🐯,217,141,95
😫,228,146,74
🚽,199,191,207
🍅,179,110,83
👅,206,44,130
🧰,232,74,76
🦷,236,236,236
🪥,229,107,114
🎩,101,55,92
🌪️,203,203,203
🌪,203,203,203
🖲️,122,86,140
🖲,122,86,140
🚜,48,174,152
🚆,108,150,177
🚊,157,145,167
🚋,165,151,175
🏳️‍⚧️,204,201,253
🏳‍⚧️,204,201,253
🏳️‍⚧,204,201,253
🏳‍⚧,204,201,253
🚩,241,106,98
📐,191,189,194
🔱,255,187,81
🧌,141,123,67
🚎,107,193,198
🏆,201,143,70
🍹,214,165,130
🐠,85,164,196
🎺,244,186,101
🌷,231,136,170
🥃,183,197,198
🦃,157,104,86
🐢,52,168,102
🕧,177,173,175
🐫,236,173,108
🕝,177,173,174
💕,249,66,110
☂️,150,114,190
☂,150,114,190
⛱️,243,161,101
⛱,243,161,101
☔,132,125,197
😒,240,175,72
🦄,184,169,236
🔓,233,190,91
🙃,240,179,83
🧛,162,101,92
🧛🏿,126,71,92
🧛🏻,162,104,121
🧛🏾,140,81,100
🧛🏼,158,99,116
🧛🏽,150,89,106
🚦,86,82,63
📳,255,178,88
✌️,249,193,66
✌,249,193,66
✌🏿,93,65,66
✌🏻,252,213,192
✌🏾,152,109,104
✌🏼,235,190,171
✌🏽,197,145,128
📹,148,138,154
🎮,101,78,121
📼,123,108,154
🎻,143,106,104
🌋,148,101,106
🏐,218,218,218
🖖,251,196,69
🖖🏿,95,66,68
🖖🏻,253,214,194
🖖🏾,154,110,106
🖖🏼,236,192,173
🖖🏽,199,146,129
🧇,226,168,91
🌘,172,133,155
🌖,225,185,99
⚠️,232,166,59
⚠,232,166,59
🗑️,187,187,187
🗑,187,187,187
⌚,126,121,208
🐃,110,110,110
🚾,38,179,239
🔫,216,183,79
🌊,52,189,242
🍉,180,106,93
👋,237,197,97
👋🏿,105,86,96
👋🏻,239,212,203
👋🏾,155,123,128
👋🏼,225,193,185
👋🏽,193,154,148
〰️,145,123,210
〰,145,123,210
🌒,124,93,94
🌔,203,167,79
🙀,253,177,87
😩,230,148,74
💒,199,191,169
🐋,76,190,243
🛞,188,141,114
☸️,171,141,212
☸,171,141,212
🦯,186,153,173
🏳️,229,229,229
🏳,229,229,229
💮,255,221,241
🦳,251,212,119
🤍,228,228,228
🥀,208,136,83
🎐,164,203,234
🌬️,52,197,244
🌬,52,197,244
🪟,139,198,229
🍷,190,156,209
🪽,157,157,157
😉,236,171,69
😜,240,157,85
🛜,55,185,240
🐺,172,172,172
👩,241,175,53
👫,154,151,137
👫🏿,106,113,135
👩🏿‍🤝‍👨🏻,124,130,150
👩🏿‍🤝‍👨🏾,114,119,140
👩🏿‍🤝‍👨🏼,126,132,150
👩🏿‍🤝‍👨🏽,119,123,143
👫🏻,141,147,164
👩🏻‍🤝‍👨🏿,124,130,150
👩🏻‍🤝‍👨🏾,131,136,155
👩🏻‍🤝‍👨🏼,144,148,164
👩🏻‍🤝‍👨🏽,137,140,157
👫🏾,121,125,146
👩🏾‍🤝‍👨🏿,114,120,141
👩🏾‍🤝‍👨🏻,132,136,155
👩🏾‍🤝‍👨🏼,134,137,156
👩🏾‍🤝‍👨🏽,127,129,149
👫🏼,151,155,168
👩🏼‍🤝‍👨🏿,132,137,154
👩🏼‍🤝‍👨🏻,149,154,168
👩🏼‍🤝‍👨🏾,139,143,159
👩🏼‍🤝‍👨🏽,145,147,162
👫🏽,134,134,151
👩🏽‍🤝‍👨🏿,121,124,144
👩🏽‍🤝‍👨🏻,138,141,158
👩🏽‍🤝‍👨🏾,128,130,149
👩🏽‍🤝‍👨🏼,141,142,159
👩‍🎨,212,170,124
👩🏿‍🎨,156,127,122
👩🏻‍🎨,193,162,152
👩🏾‍🎨,173,140,134
👩🏼‍🎨,210,176,160
👩🏽‍🎨,187,150,140
👩‍🚀,187,178,162
👩🏿‍🚀,163,158,161
👩🏻‍🚀,185,179,179
👩🏾‍🚀,172,165,166
👩🏼‍🚀,185,177,176
👩🏽‍🚀,179,170,170
👩‍🦲,245,192,72
🧔‍♀️,238,168,51
🧔‍♀,238,168,51
🚴‍♀️,193,166,151
🚴‍♀,193,166,151
🚴🏿‍♀️,161,141,151
🚴🏿‍♀,161,141,151
🚴🏻‍♀️,187,165,172
🚴🏻‍♀,187,165,172
🚴🏾‍♀️,172,149,158
🚴🏾‍♀,172,149,158
🚴🏼‍♀️,190,167,172
🚴🏼‍♀,190,167,172
🚴🏽‍♀️,180,155,162
🚴🏽‍♀,180,155,162
👱‍♀️,248,219,131
👱‍♀,248,219,131
⛹️‍♀️,203,163,134
⛹‍♀️,203,163,134
⛹️‍♀,203,163,134
⛹‍♀,203,163,134
⛹🏿‍♀️,144,119,138
⛹🏿‍♀,144,119,138
⛹🏻‍♀️,188,160,172
⛹🏻‍♀,188,160,172
⛹🏾‍♀️,164,133,151
⛹🏾‍♀,164,133,151
⛹🏼‍♀️,198,168,177
⛹🏼‍♀,198,168,177
⛹🏽‍♀️,178,143,157
⛹🏽‍♀,178,143,157
🙇‍♀️,206,157,116
🙇‍♀,206,157,116
🙇🏿‍♀️,91,74,106
🙇🏿‍♀,91,74,106
🙇🏻‍♀️,139,120,147
🙇🏻‍♀,139,120,147
🙇🏾‍♀️,119,95,130
🙇🏾‍♀,119,95,130
🙇🏼‍♀️,206,183,191
🙇🏼‍♀,206,183,191
🙇🏽‍♀️,144,112,139
🙇🏽‍♀,144,112,139
🤸‍♀️,202,167,130
🤸‍♀,202,167,130
🤸🏿‍♀️,127,106,127
🤸🏿‍♀,127,106,127
🤸🏻‍♀️,190,165,178
🤸🏻‍♀,190,165,178
🤸🏾‍♀️,153,125,144
🤸🏾‍♀,153,125,144
🤸🏼‍♀️,196,169,179
🤸🏼‍♀,196,169,179
🤸🏽‍♀️,172,140,154
🤸🏽‍♀,172,140,154
🧗‍♀️,187,183,172
🧗‍♀,187,183,172
🧗🏿‍♀️,166,166,171
🧗🏿‍♀,166,166,171
🧗🏻‍♀️,184,183,186
🧗🏻‍♀,184,183,186
🧗🏾‍♀️,173,171,176
🧗🏾‍♀,173,171,176
🧗🏼‍♀️,185,183,185
🧗🏼‍♀,185,183,185
🧗🏽‍♀️,179,176,179
🧗🏽‍♀,179,176,179
👷‍♀️,231,178,99
👷‍♀,231,178,99
👷🏿‍♀️,176,136,97
👷🏿‍♀,176,136,97
👷🏻‍♀️,211,169,125
👷🏻‍♀,211,169,125
👷🏾‍♀️,193,148,109
👷🏾‍♀,193,148,109
👷🏼‍♀️,229,185,135
👷🏼‍♀,229,185,135
👷🏽‍♀️,206,158,115
👷🏽‍♀,206,158,115
👩‍🍳,240,205,165
👩🏿‍🍳,185,163,163
👩🏻‍🍳,222,197,193
👩🏾‍🍳,202,175,175
👩🏼‍🍳,237,210,201
👩🏽‍🍳,215,185,181
👩‍🦱,240,174,57
💃,227,91,68
💃🏿,180,56,66
💃🏻,211,84,91
💃🏾,194,66,76
💃🏼,225,97,98
💃🏽,205,74,81
👩🏿,50,37,38
👩🏿‍🦲,96,68,70
🧔🏿‍♀️,43,33,34
🧔🏿‍♀,43,33,34
👱🏿‍♀️,178,161,131
👱🏿‍♀,178,161,131
👩🏿‍🦱,61,45,46
👩🏿‍🦰,167,90,68
👩🏿‍🦳,181,166,174
🕵️‍♀️,149,124,127
🕵‍♀️,149,124,127
🕵️‍♀,149,124,127
🕵‍♀,149,124,127
🕵🏿‍♀️,105,90,126
🕵🏿‍♀,105,90,126
🕵🏻‍♀️,140,122,154
🕵🏻‍♀,140,122,154
🕵🏾‍♀️,120,101,136
🕵🏾‍♀,120,101,136
🕵🏼‍♀️,146,127,156
🕵🏼‍♀,146,127,156
🕵🏽‍♀️,131,109,141
🕵🏽‍♀,131,109,141
🧝‍♀️,186,135,97
🧝‍♀,186,135,97
🧝🏿‍♀️,114,81,94
🧝🏿‍♀,114,81,94
🧝🏻‍♀️,156,120,128
🧝🏻‍♀,156,120,128
🧝🏾‍♀️,135,97,109
🧝🏾‍♀,135,97,109
🧝🏼‍♀️,184,146,145
🧝🏼‍♀,184,146,145
🧝🏽‍♀️,152,108,116
🧝🏽‍♀,152,108,116
🤦‍♀️,211,150,91
🤦‍♀,211,150,91
🤦🏿‍♀️,81,59,87
🤦🏿‍♀,81,59,87
🤦🏻‍♀️,152,123,142
🤦🏻‍♀,152,123,142
🤦🏾‍♀️,117,86,115
🤦🏾‍♀,117,86,115
🤦🏼‍♀️,211,179,180
🤦🏼‍♀,211,179,180
🤦🏽‍♀️,147,106,127
🤦🏽‍♀,147,106,127
👩‍🏭,109,149,152
👩🏿‍🏭,60,111,151
👩🏻‍🏭,95,144,179
👩🏾‍🏭,75,122,161
👩🏼‍🏭,106,153,184
👩🏽‍🏭,88,131,167
🧚‍♀️,191,179,141
🧚‍♀,191,179,141
🧚🏿‍♀️,123,131,148
🧚🏿‍♀,123,131,148
🧚🏻‍♀️,178,181,191
🧚🏻‍♀,178,181,191
🧚🏾‍♀️,147,149,165
🧚🏾‍♀,147,149,165
🧚🏼‍♀️,187,189,195
🧚🏼‍♀,187,189,195
🧚🏽‍♀️,164,162,173
🧚🏽‍♀,164,162,173
👩‍🌾,127,164,123
👩🏿‍🌾,73,123,121
👩🏻‍🌾,110,157,150
👩🏾‍🌾,90,135,132
👩🏼‍🌾,124,170,158
👩🏽‍🌾,103,145,138
👩‍🍼,175,169,114
👩🏿‍🍼,81,101,112
👩🏻‍🍼,134,150,154
👩🏾‍🍼,108,121,131
👩🏼‍🍼,172,184,177
👩🏽‍🍼,129,135,140
👩‍🚒,216,107,90
👩🏿‍🚒,174,76,86
👩🏻‍🚒,197,98,105
👩🏾‍🚒,186,85,95
👩🏼‍🚒,215,114,116
👩🏽‍🚒,195,91,99
🙍‍♀️,214,156,94
🙍‍♀,214,156,94
🙍🏿‍♀️,80,59,85
🙍🏿‍♀,80,59,85
🙍🏻‍♀️,141,117,136
🙍🏻‍♀,141,117,136
🙍🏾‍♀️,115,85,112
🙍🏾‍♀,115,85,112
🙍🏼‍♀️,212,183,181
🙍🏼‍♀,212,183,181
🙍🏽‍♀️,144,104,124
🙍🏽‍♀,144,104,124
🧞‍♀️,135,120,153
🧞‍♀,135,120,153
🙅‍♀️,196,147,129
🙅‍♀,196,147,129
🙅🏿‍♀️,108,81,123
🙅🏿‍♀,108,81,123
🙅🏻‍♀️,157,127,164
🙅🏻‍♀,157,127,164
🙅🏾‍♀️,133,100,142
🙅🏾‍♀,133,100,142
🙅🏼‍♀️,193,160,186
🙅🏼‍♀,193,160,186
🙅🏽‍♀️,153,114,151
🙅🏽‍♀,153,114,151
🙆‍♀️,188,140,135
🙆‍♀,188,140,135
🙆🏿‍♀️,111,81,131
🙆🏿‍♀,111,81,131
🙆🏻‍♀️,156,124,168
🙆🏻‍♀,156,124,168
🙆🏾‍♀️,133,98,147
🙆🏾‍♀,133,98,147
🙆🏼‍♀️,186,151,185
🙆🏼‍♀,186,151,185
🙆🏽‍♀️,151,110,155
🙆🏽‍♀,151,110,155
💇‍♀️,201,146,124
💇‍♀,201,146,124
💇🏿‍♀️,111,81,118
💇🏿‍♀,111,81,118
💇🏻‍♀️,153,120,152
💇🏻‍♀,153,120,152
💇🏾‍♀️,135,98,136
💇🏾‍♀,135,98,136
💇🏼‍♀️,200,164,182
💇🏼‍♀,200,164,182
💇🏽‍♀️,154,111,144
💇🏽‍♀,154,111,144
💆‍♀️,209,149,92
💆‍♀,209,149,92
💆🏿‍♀️,89,64,92
💆🏿‍♀,89,64,92
💆🏻‍♀️,174,140,156
💆🏻‍♀,174,140,156
💆🏾‍♀️,127,92,119
💆🏾‍♀,127,92,119
💆🏼‍♀️,206,169,175
💆🏼‍♀,206,169,175
💆🏽‍♀️,157,113,132
💆🏽‍♀,157,113,132
🏌️‍♀️,179,157,153
🏌‍♀️,179,157,153
🏌️‍♀,179,157,153
🏌‍♀,179,157,153
🏌🏿‍♀️,146,132,154
🏌🏿‍♀,146,132,154
🏌🏻‍♀️,175,158,176
🏌🏻‍♀,175,158,176
🏌🏾‍♀️,158,140,161
🏌🏾‍♀,158,140,161
🏌🏼‍♀️,178,160,176
🏌🏼‍♀,178,160,176
🏌🏽‍♀️,167,147,166
🏌🏽‍♀,167,147,166
💂‍♀️,164,86,89
💂‍♀,164,86,89
💂🏿‍♀️,128,59,88
💂🏿‍♀,128,59,88
💂🏻‍♀️,152,81,107
💂🏻‍♀,152,81,107
💂🏾‍♀️,139,67,95
💂🏾‍♀,139,67,95
💂🏼‍♀️,162,90,112
💂🏼‍♀,162,90,112
💂🏽‍♀️,148,73,99
💂🏽‍♀,148,73,99
👩‍⚕️,215,189,150
👩‍⚕,215,189,150
👩🏿‍⚕️,140,135,145
👩🏿‍⚕,140,135,145
👩🏻‍⚕️,177,169,175
👩🏻‍⚕,177,169,175
👩🏾‍⚕️,160,150,160
👩🏾‍⚕,160,150,160
👩🏼‍⚕️,214,204,198
👩🏼‍⚕,214,204,198
👩🏽‍⚕️,177,161,167
👩🏽‍⚕,177,161,167
🧘‍♀️,200,175,86
🧘‍♀,200,175,86
🧘🏿‍♀️,71,80,92
🧘🏿‍♀,71,80,92
🧘🏻‍♀️,178,179,176
🧘🏻‍♀,178,179,176
🧘🏾‍♀️,116,114,123
🧘🏾‍♀,116,114,123
🧘🏼‍♀️,193,189,180
🧘🏼‍♀,193,189,180
🧘🏽‍♀️,150,139,139
🧘🏽‍♀,150,139,139
👩‍🦽,173,135,136
👩🏿‍🦽,146,115,134
👩🏻‍🦽,161,128,147
👩🏾‍🦽,154,120,140
👩🏼‍🦽,173,140,154
👩🏽‍🦽,160,124,143
👩‍🦼,173,124,134
👩🏿‍🦼,146,104,132
👩🏻‍🦼,160,117,144
👩🏾‍🦼,153,109,138
👩🏼‍🦼,173,129,152
👩🏽‍🦼,160,114,141
🧖‍♀️,217,181,153
🧖‍♀,217,181,153
🧖🏿‍♀️,144,128,151
🧖🏿‍♀,144,128,151
🧖🏻‍♀️,185,165,184
🧖🏻‍♀,185,165,184
🧖🏾‍♀️,165,143,166
🧖🏾‍♀,165,143,166
🧖🏼‍♀️,215,193,202
🧖🏼‍♀,215,193,202
🧖🏽‍♀️,181,154,173
🧖🏽‍♀,181,154,173
🤵‍♀️,157,119,88
🤵‍♀,157,119,88
🤵🏿‍♀️,80,63,83
🤵🏿‍♀,80,63,83
🤵🏻‍♀️,115,96,111
🤵🏻‍♀,115,96,111
🤵🏾‍♀️,100,78,98
🤵🏾‍♀,100,78,98
🤵🏼‍♀️,156,134,138
🤵🏼‍♀,156,134,138
🤵🏽‍♀️,117,89,105
🤵🏽‍♀,117,89,105
👩‍⚖️,163,129,72
👩‍⚖,163,129,72
👩🏿‍⚖️,78,66,66
👩🏿‍⚖,78,66,66
👩🏻‍⚖️,122,108,103
👩🏻‍⚖,122,108,103
👩🏾‍⚖️,101,83,84
👩🏾‍⚖,101,83,84
👩🏼‍⚖️,161,144,127
👩🏼‍⚖,161,144,127
👩🏽‍⚖️,120,96,92
👩🏽‍⚖,120,96,92
🤹‍♀️,201,163,129
🤹‍♀,201,163,129
🤹🏿‍♀️,133,110,126
🤹🏿‍♀,133,110,126
🤹🏻‍♀️,181,155,166
🤹🏻‍♀,181,155,166
🤹🏾‍♀️,155,126,141
🤹🏾‍♀,155,126,141
🤹🏼‍♀️,197,169,173
🤹🏼‍♀,197,169,173
🤹🏽‍♀️,171,138,149
🤹🏽‍♀,171,138,149
🧎‍♀️,194,161,134
🧎‍♀,194,161,134
🧎🏿‍♀️,121,107,129
🧎🏿‍♀,121,107,129
🧎🏻‍♀️,157,141,159
🧎🏻‍♀,157,141,159
🧎🏾‍♀️,140,121,144
🧎🏾‍♀,140,121,144
🧎🏼‍♀️,194,175,182
🧎🏼‍♀,194,175,182
🧎🏽‍♀️,157,132,151
🧎🏽‍♀,157,132,151
🏋️‍♀️,172,140,131
🏋‍♀️,172,140,131
🏋️‍♀,172,140,131
🏋‍♀,172,140,131
🏋🏿‍♀️,122,100,129
🏋🏿‍♀,122,100,129
🏋🏻‍♀️,161,136,161
🏋🏻‍♀,161,136,161
🏋🏾‍♀️,138,112,140
🏋🏾‍♀,138,112,140
🏋🏼‍♀️,169,143,164
🏋🏼‍♀,169,143,164
🏋🏽‍♀️,151,122,147
🏋🏽‍♀,151,122,147
👩🏻,135,116,108
👩🏻‍🦲,241,203,186
🧔🏻‍♀️,110,96,90
🧔🏻‍♀,110,96,90
👱🏻‍♀️,246,224,185
👱🏻‍♀,246,224,185
👩🏻‍🦱,151,130,121
👩🏻‍🦰,235,153,122
👩🏻‍🦳,240,221,220
🧙‍♀️,97,167,173
🧙‍♀,97,167,173
🧙🏿‍♀️,61,137,173
🧙🏿‍♀,61,137,173
🧙🏻‍♀️,97,171,202
🧙🏻‍♀,97,171,202
🧙🏾‍♀️,75,147,182
🧙🏾‍♀,75,147,182
🧙🏼‍♀️,94,166,197
🧙🏼‍♀,94,166,197
🧙🏽‍♀️,85,155,187
🧙🏽‍♀,85,155,187
👩‍🔧,151,175,159
👩🏿‍🔧,96,132,157
👩🏻‍🔧,134,168,188
👩🏾‍🔧,113,145,169
👩🏼‍🔧,149,180,195
👩🏽‍🔧,127,155,175
👩🏾,99,74,76
👩🏾‍🦲,152,108,104
🧔🏾‍♀️,88,67,72
🧔🏾‍♀,88,67,72
👱🏾‍♀️,204,180,147
👱🏾‍♀,204,180,147
👩🏾‍🦱,107,80,82
👩🏾‍🦰,193,109,84
👩🏾‍🦳,204,182,188
👩🏼,241,216,176
👩🏼‍🦲,229,184,166
🧔🏼‍♀️,243,219,175
🧔🏼‍♀,243,219,175
👱🏼‍♀️,241,216,176
👱🏼‍♀,241,216,176
👩🏼‍🦱,240,207,171
👩🏼‍🦰,229,144,113
👩🏼‍🦳,234,213,212
👩🏽,141,101,93
👩🏽‍🦲,194,141,126
🧔🏽‍♀️,124,87,81
🧔🏽‍♀,124,87,81
👱🏽‍♀️,224,196,157
👱🏽‍♀,224,196,157
👩🏽‍🦱,143,101,92
👩🏽‍🦰,213,124,94
👩🏽‍🦳,220,196,196
🚵‍♀️,106,176,123
🚵‍♀,106,176,123
🚵🏿‍♀️,88,161,122
🚵🏿‍♀,88,161,122
🚵🏻‍♀️,103,175,134
🚵🏻‍♀,103,175,134
🚵🏾‍♀️,95,166,127
🚵🏾‍♀,95,166,127
🚵🏼‍♀️,105,176,135
🚵🏼‍♀,105,176,135
🚵🏽‍♀️,99,169,129
🚵🏽‍♀,99,169,129
👩‍💼,166,130,103
👩🏿‍💼,85,71,97
👩🏻‍💼,122,106,128
👩🏾‍💼,106,87,113
👩🏼‍💼,165,146,155
👩🏽‍💼,124,98,121
👩‍✈️,140,106,94
👩‍✈,140,106,94
👩🏿‍✈️,93,71,92
👩🏿‍✈,93,71,92
👩🏻‍✈️,120,96,114
👩🏻‍✈,120,96,114
👩🏾‍✈️,106,81,102
👩🏾‍✈,106,81,102
👩🏼‍✈️,139,113,125
👩🏼‍✈,139,113,125
👩🏽‍✈️,117,88,106
👩🏽‍✈,117,88,106
🤾‍♀️,197,164,145
🤾‍♀,197,164,145
🤾🏿‍♀️,134,114,141
🤾🏿‍♀,134,114,141
🤾🏻‍♀️,178,156,177
🤾🏻‍♀,178,156,177
🤾🏾‍♀️,153,129,155
🤾🏾‍♀,153,129,155
🤾🏼‍♀️,194,170,186
🤾🏼‍♀,194,170,186
🤾🏽‍♀️,169,141,162
🤾🏽‍♀,169,141,162
🤽‍♀️,125,170,166
🤽‍♀,125,170,166
🤽🏿‍♀️,81,133,165
🤽🏿‍♀,81,133,165
🤽🏻‍♀️,121,171,198
🤽🏻‍♀,121,171,198
🤽🏾‍♀️,97,144,175
🤽🏾‍♀,97,144,175
🤽🏼‍♀️,121,169,195
🤽🏼‍♀,121,169,195
🤽🏽‍♀️,109,154,181
🤽🏽‍♀,109,154,181
👮‍♀️,106,165,157
👮‍♀,106,165,157
👮🏿‍♀️,49,122,155
👮🏿‍♀,49,122,155
👮🏻‍♀️,82,153,182
👮🏻‍♀,82,153,182
👮🏾‍♀️,65,134,167
👮🏾‍♀,65,134,167
👮🏼‍♀️,105,174,195
👮🏼‍♀,105,174,195
👮🏽‍♀️,79,143,172
👮🏽‍♀,79,143,172
🙎‍♀️,218,163,101
🙎‍♀,218,163,101
🙎🏿‍♀️,96,72,98
🙎🏿‍♀,96,72,98
🙎🏻‍♀️,173,144,161
🙎🏻‍♀,173,144,161
🙎🏾‍♀️,132,99,125
🙎🏾‍♀,132,99,125
🙎🏼‍♀️,213,180,184
🙎🏼‍♀,213,180,184
🙎🏽‍♀️,161,120,138
🙎🏽‍♀,161,120,138
🙋‍♀️,205,153,115
🙋‍♀,205,153,115
🙋🏿‍♀️,99,74,109
🙋🏿‍♀,99,74,109
🙋🏻‍♀️,159,130,158
🙋🏻‍♀,159,130,158
🙋🏾‍♀️,129,96,131
🙋🏾‍♀,129,96,131
🙋🏼‍♀️,202,169,183
🙋🏼‍♀,202,169,183
🙋🏽‍♀️,154,113,142
🙋🏽‍♀,154,113,142
👩‍🦰,237,148,68
🚣‍♀️,102,183,170
🚣‍♀,102,183,170
🚣🏿‍♀️,87,172,169
🚣🏿‍♀,87,172,169
🚣🏻‍♀️,95,179,175
🚣🏻‍♀,95,179,175
🚣🏾‍♀️,91,175,172
🚣🏾‍♀,91,175,172
🚣🏼‍♀️,101,185,179
🚣🏼‍♀,101,185,179
🚣🏽‍♀️,94,177,173
🚣🏽‍♀,94,177,173
🏃‍♀️,207,171,129
🏃‍♀,207,171,129
🏃🏿‍♀️,125,105,125
🏃🏿‍♀,125,105,125
🏃🏻‍♀️,185,163,174
🏃🏻‍♀,185,163,174
🏃🏾‍♀️,151,125,143
🏃🏾‍♀,151,125,143
🏃🏼‍♀️,202,177,182
🏃🏼‍♀,202,177,182
🏃🏽‍♀️,172,141,153
🏃🏽‍♀,172,141,153
👩‍🔬,230,200,148
👩🏿‍🔬,151,144,146
👩🏻‍🔬,191,182,178
👩🏾‍🔬,173,161,162
👩🏼‍🔬,228,216,202
👩🏽‍🔬,190,172,169
🤷‍♀️,198,149,129
🤷‍♀,198,149,129
🤷🏿‍♀️,110,83,124
🤷🏿‍♀,110,83,124
🤷🏻‍♀️,160,131,166
🤷🏻‍♀,160,131,166
🤷🏾‍♀️,135,101,143
🤷🏾‍♀,135,101,143
🤷🏼‍♀️,195,162,187
🤷🏼‍♀,195,162,187
🤷🏽‍♀️,155,116,152
🤷🏽‍♀,155,116,152
👩‍🎤,192,145,114
👩🏿‍🎤,105,81,111
👩🏻‍🎤,155,127,151
👩🏾‍🎤,130,100,130
👩🏼‍🎤,190,159,172
👩🏽‍🎤,150,113,138
🧍‍♀️,188,159,145
🧍‍♀,188,159,145
🧍🏿‍♀️,135,119,142
🧍🏿‍♀,135,119,142
🧍🏻‍♀️,170,151,171
🧍🏻‍♀,170,151,171
🧍🏾‍♀️,151,130,154
🧍🏾‍♀,151,130,154
🧍🏼‍♀️,186,165,179
🧍🏼‍♀,186,165,179
🧍🏽‍♀️,164,140,160
🧍🏽‍♀,164,140,160
👩‍🎓,105,83,41
👩🏿‍🎓,45,38,37
👩🏻‍🎓,77,69,64
👩🏾‍🎓,61,51,49
👩🏼‍🎓,103,93,79
👩🏽‍🎓,75,60,55
🦸‍♀️,129,136,136
🦸‍♀,129,136,136
🦸🏿‍♀️,68,92,131
🦸🏿‍♀,68,92,131
🦸🏻‍♀️,94,117,153
🦸🏻‍♀,94,117,153
🦸🏾‍♀️,83,104,144
🦸🏾‍♀,83,104,144
🦸🏼‍♀️,129,150,176
🦸🏼‍♀,129,150,176
🦸🏽‍♀️,96,112,149
🦸🏽‍♀,96,112,149
🦹‍♀️,166,104,114
🦹‍♀,166,104,114
🦹🏿‍♀️,118,69,110
🦹🏿‍♀,118,69,110
🦹🏻‍♀️,138,87,127
🦹🏻‍♀,138,87,127
🦹🏾‍♀️,130,78,120
🦹🏾‍♀,130,78,120
🦹🏼‍♀️,167,115,146
🦹🏼‍♀,167,115,146
🦹🏽‍♀️,140,84,124
🦹🏽‍♀,140,84,124
🏄‍♀️,150,155,194
🏄‍♀,150,155,194
🏄🏿‍♀️,127,137,192
🏄🏿‍♀,127,137,192
🏄🏻‍♀️,142,151,205
🏄🏻‍♀,142,151,205
🏄🏾‍♀️,134,142,197
🏄🏾‍♀,134,142,197
🏄🏼‍♀️,149,158,209
🏄🏼‍♀,149,158,209
🏄🏽‍♀️,140,146,200
🏄🏽‍♀,140,146,200
🏊‍♀️,107,158,157
🏊‍♀,107,158,157
🏊🏿‍♀️,54,118,164
🏊🏿‍♀,54,118,164
🏊🏻‍♀️,100,160,200
🏊🏻‍♀,100,160,200
🏊🏾‍♀️,73,132,177
🏊🏾‍♀,73,132,177
🏊🏼‍♀️,101,159,198
🏊🏼‍♀,101,159,198
🏊🏽‍♀️,86,141,182
🏊🏽‍♀,86,141,182
👩‍🏫,170,145,66
👩🏿‍🏫,107,98,62
👩🏻‍🏫,142,130,91
👩🏾‍🏫,125,111,75
👩🏼‍🏫,169,155,107
👩🏽‍🏫,139,121,82
👩‍💻,190,165,119
👩🏿‍💻,118,112,113
👩🏻‍💻,152,144,141
👩🏾‍💻,137,126,128
👩🏼‍💻,190,179,165
👩🏽‍💻,153,137,134
💁‍♀️,207,154,112
💁‍♀,207,154,112
💁🏿‍♀️,94,71,104
💁🏿‍♀,94,71,104
💁🏻‍♀️,153,126,153
💁🏻‍♀,153,126,153
💁🏾‍♀️,125,94,128
💁🏾‍♀,125,94,128
💁🏼‍♀️,205,174,185
💁🏼‍♀,205,174,185
💁🏽‍♀️,151,111,138
💁🏽‍♀,151,111,138
🧛‍♀️,143,94,89
🧛‍♀,143,94,89
🧛🏿‍♀️,115,71,90
🧛🏿‍♀,115,71,90
🧛🏻‍♀️,142,96,111
🧛🏻‍♀,142,96,111
🧛🏾‍♀️,125,78,96
🧛🏾‍♀,125,78,96
🧛🏼‍♀️,140,92,107
🧛🏼‍♀,140,92,107
🧛🏽‍♀️,133,84,100
🧛🏽‍♀,133,84,100
🚶‍♀️,188,160,141
🚶‍♀,188,160,141
🚶🏿‍♀️,132,118,137
🚶🏿‍♀,132,118,137
🚶🏻‍♀️,165,149,164
🚶🏻‍♀,165,149,164
🚶🏾‍♀️,148,130,149
🚶🏾‍♀,148,130,149
🚶🏼‍♀️,186,168,177
🚶🏼‍♀,186,168,177
🚶🏽‍♀️,161,139,155
🚶🏽‍♀,161,139,155
👳‍♀️,239,206,132
👳‍♀,239,206,132
👳🏿‍♀️,148,130,131
👳🏿‍♀,148,130,131
👳🏻‍♀️,236,213,202
👳🏻‍♀,236,213,202
👳🏾‍♀️,182,155,152
👳🏾‍♀,182,155,152
👳🏼‍♀️,229,201,190
👳🏼‍♀,229,201,190
👳🏽‍♀️,207,175,166
👳🏽‍♀,207,175,166
👩‍🦳,240,215,174
🧕,157,124,159
🧕🏿,125,97,158
🧕🏻,156,126,183
🧕🏾,137,106,165
🧕🏼,153,122,179
🧕🏽,146,113,170
👰‍♀️,226,194,137
👰‍♀,226,194,137
👰🏿‍♀️,156,142,135
👰🏿‍♀,156,142,135
👰🏻‍♀️,194,178,166
👰🏻‍♀,194,178,166
👰🏾‍♀️,176,157,150
👰🏾‍♀,176,157,150
👰🏼‍♀️,224,206,185
👰🏼‍♀,224,206,185
👰🏽‍♀️,191,167,156
👰🏽‍♀,191,167,156
👩‍🦯,189,163,150
👩🏿‍🦯,144,128,147
👩🏻‍🦯,171,154,169
👩🏾‍🦯,157,138,157
👩🏼‍🦯,188,170,180
👩🏽‍🦯,168,146,162
🧟‍♀️,57,121,146
🧟‍♀,57,121,146
👢,215,69,96
👚,250,110,195
👒,228,137,105
👡,216,106,90
👭,172,143,129
👭🏿,120,103,127
👩🏿‍🤝‍👩🏻,137,119,141
👩🏿‍🤝‍👩🏾,128,109,133
👩🏿‍🤝‍👩🏼,144,126,145
👩🏿‍🤝‍👩🏽,134,113,136
👭🏻,154,135,155
👩🏻‍🤝‍👩🏿,137,120,141
👩🏻‍🤝‍👩🏾,145,125,147
👩🏻‍🤝‍👩🏼,162,142,159
👩🏻‍🤝‍👩🏽,151,130,150
👭🏾,135,115,138
👩🏾‍🤝‍👩🏿,128,109,133
👩🏾‍🤝‍👩🏻,144,125,146
👩🏾‍🤝‍👩🏼,152,132,151
👩🏾‍🤝‍👩🏽,142,119,141
👭🏼,169,149,163
👩🏼‍🤝‍👩🏿,145,126,146
👩🏼‍🤝‍👩🏻,162,142,159
👩🏼‍🤝‍👩🏾,153,132,151
👩🏼‍🤝‍👩🏽,159,137,154
👭🏽,148,124,144
👩🏽‍🤝‍👩🏿,134,114,136
👩🏽‍🤝‍👩🏻,151,129,149
👩🏽‍🤝‍👩🏾,142,120,141
👩🏽‍🤝‍👩🏼,159,136,154
👯‍♀️,182,144,106
👯‍♀,182,144,106
🤼‍♀️,209,165,115
🤼‍♀,209,165,115
🚺,163,131,208
🪵,145,99,76
🥴,232,170,73
🗺️,72,184,199
🗺,72,184,199
🪱,249,161,159
😟,238,179,87
🎁,239,136,68
🔧,190,184,197
✍️,247,173,67
✍,247,173,67
✍🏿,128,75,67
✍🏻,250,188,163
✍🏾,173,109,96
✍🏼,236,171,147
✍🏽,208,136,114
🩻,92,109,138
🧶,51,162,214
🥱,239,151,62
💛,252,210,77
💴,224,173,102
☯️,172,144,213
☯,172,144,213
🪀,166,132,197
🤪,239,152,116
🦓,166,163,171
🤐,234,184,103
🧟,59,138,160
🇦🇽,58,58,58
